,name,pitcher_id,pitch_hand,avg_speed_FF,pitch_type_FF,vertical_break_FF,horizonal_break_FF,avg_speed_SIFT,pitch_type_SIFT,vertical_break_SIFT,horizonal_break_SIFT,avg_speed_CT,pitch_type_CT,vertical_break_CT,horizonal_break_CT,avg_speed_CB,pitch_type_CB,vertical_break_CB,horizonal_break_CB,avg_speed_SL,pitch_type_SL,vertical_break_SL,horizonal_break_SL,avg_speed_CH,pitch_type_CH,vertical_break_CH,horizonal_break_CH
0, Carlos Rodón,607074,L,95.5,FF,12.0,5.9,0.0,0,0.0,0.0,0.0,0,0.0,0.0,79.8,CUKC,55.3,6.4,85.4,SL,38.6,8.1,0.0,0,0.0,0.0
1, Gerrit Cole,543037,R,97.8,FF,10.5,10.4,0.0,0,0.0,0.0,92.0,FC,24.4,0.5,83.0,CUKC,53.0,10.2,88.7,SL,34.2,5.0,89.7,CH,24.7,14.0
2, Logan Gilbert,669302,R,96.1,FF,11.9,6.4,0.0,0,0.0,0.0,0.0,0,0.0,0.0,80.8,CUKC,50.1,4.2,86.9,SL,31.6,6.1,86.2,CH,28.3,15.3
3, Nick Pivetta,601713,R,93.4,FF,10.9,5.1,0.0,0,0.0,0.0,0.0,0,0.0,0.0,77.2,CUKC,65.3,7.9,85.8,SL,33.6,5.8,0.0,0,0.0,0.0
4, Triston McKenzie,663474,R,92.5,FF,11.6,3.0,0.0,0,0.0,0.0,0.0,0,0.0,0.0,79.4,CUKC,51.3,7.9,87.3,SL,25.6,5.3,0.0,0,0.0,0.0
5, Cristian Javier,664299,R,93.8,FF,12.2,7.3,0.0,0,0.0,0.0,0.0,0,0.0,0.0,76.5,CUKC,56.4,13.2,79.8,SL,40.2,15.1,0.0,0,0.0,0.0
6, Spencer Strider,675911,R,98.2,FF,10.7,5.1,0.0,0,0.0,0.0,0.0,0,0.0,0.0,0.0,0,0.0,0.0,86.3,SL,35.6,5.2,0.0,0,0.0,0.0
7, Joe Ryan,657746,R,92.0,FF,17.5,10.7,0.0,0,0.0,0.0,0.0,0,0.0,0.0,74.9,CUKC,56.4,10.6,82.2,SL,37.5,3.1,84.6,CH,29.1,17.5
8, Zac Gallen,668678,R,94.1,FF,13.5,3.4,0.0,0,0.0,0.0,89.9,FC,26.7,5.3,81.6,CUKC,53.5,6.7,0.0,0,0.0,0.0,86.2,CH,32.8,11.9
9, José Urquidy,664353,R,93.5,FF,11.7,7.7,0.0,0,0.0,0.0,0.0,0,0.0,0.0,78.1,CUKC,60.3,7.4,80.1,SL,41.9,14.5,86.1,CH,23.6,15.8
10, Kevin Gausman,592332,R,95.0,FF,13.1,10.5,0.0,0,0.0,0.0,0.0,0,0.0,0.0,0.0,0,0.0,0.0,84.4,SL,35.1,1.1,0.0,0,0.0,0.0
11, Justin Verlander,434378,R,95.0,FF,11.4,9.5,0.0,0,0.0,0.0,0.0,0,0.0,0.0,79.0,CUKC,55.3,6.9,87.4,SL,31.0,4.0,0.0,0,0.0,0.0
12, Lucas Giolito,608337,R,92.6,FF,13.9,5.4,0.0,0,0.0,0.0,0.0,0,0.0,0.0,0.0,0,0.0,0.0,84.4,SL,37.2,3.5,81.0,CH,30.5,11.3
13, Blake Snell,605483,L,95.8,FF,11.2,5.2,0.0,0,0.0,0.0,0.0,0,0.0,0.0,81.4,CUKC,51.0,12.2,88.9,SL,29.9,4.1,87.1,CH,26.1,13.7
14, Julio Urías,628711,L,93.1,FF,14.9,3.0,0.0,0,0.0,0.0,0.0,0,0.0,0.0,0.0,0,0.0,0.0,0.0,0,0.0,0.0,86.2,CH,30.0,13.9
15, Dylan Cease,656302,R,96.8,FF,10.3,3.0,0.0,0,0.0,0.0,0.0,0,0.0,0.0,81.1,CUKC,59.1,3.6,87.4,SL,35.0,4.0,0.0,0,0.0,0.0
16, Michael Kopech,656629,R,94.9,FF,11.9,9.9,0.0,0,0.0,0.0,0.0,0,0.0,0.0,78.4,CUKC,51.9,8.0,84.3,SL,40.2,4.7,0.0,0,0.0,0.0
17, Robbie Ray,592662,L,93.4,FF,13.4,6.7,93.3,SIFT,18.8,15.4,0.0,0,0.0,0.0,0.0,0,0.0,0.0,87.2,SL,28.3,1.5,0.0,0,0.0,0.0
18, Hunter Greene,668881,R,98.9,FF,12.1,11.7,0.0,0,0.0,0.0,0.0,0,0.0,0.0,0.0,0,0.0,0.0,88.1,SL,32.0,4.6,90.1,CH,22.0,11.3
19, Eric Lauer,641778,L,93.3,FF,14.6,9.8,0.0,0,0.0,0.0,89.8,FC,23.0,0.5,78.2,CUKC,52.7,6.4,86.8,SL,32.1,3.1,0.0,0,0.0,0.0
20, Justin Steele,657006,L,92.2,FF,19.4,1.5,91.6,SIFT,20.6,9.4,0.0,0,0.0,0.0,0.0,0,0.0,0.0,82.1,SL,43.3,14.1,0.0,0,0.0,0.0
21, Kris Bubic,663460,L,91.9,FF,15.9,7.7,0.0,0,0.0,0.0,0.0,0,0.0,0.0,79.4,CUKC,56.4,7.6,0.0,0,0.0,0.0,80.7,CH,33.2,14.3
22, Pablo López,641154,R,93.6,FF,17.9,4.5,93.4,SIFT,25.3,14.8,88.7,FC,28.7,2.2,80.9,CUKC,51.7,11.0,0.0,0,0.0,0.0,87.5,CH,32.4,17.3
23, James Kaprielian,621076,R,94.0,FF,15.5,7.6,94.4,SIFT,20.3,15.8,0.0,0,0.0,0.0,79.3,CUKC,51.9,7.3,85.0,SL,34.3,4.5,85.2,CH,35.5,8.4
24, Tyler Mahle,641816,R,93.2,FF,13.5,10.2,0.0,0,0.0,0.0,85.5,FC,27.0,1.7,0.0,0,0.0,0.0,83.9,SL,36.8,5.0,0.0,0,0.0,0.0
25, Nestor Cortes,641482,L,91.8,FF,12.7,4.1,0.0,0,0.0,0.0,86.9,FC,27.4,4.7,0.0,0,0.0,0.0,0.0,0,0.0,0.0,0.0,0,0.0,0.0
26, Alek Manoah,666201,R,93.9,FF,14.3,5.5,93.3,SIFT,21.1,14.7,0.0,0,0.0,0.0,0.0,0,0.0,0.0,81.5,SL,41.0,14.5,86.5,CH,27.2,14.5
27, Daniel Lynch,663738,L,94.0,FF,15.3,6.9,0.0,0,0.0,0.0,0.0,0,0.0,0.0,81.1,CUKC,47.0,1.9,85.9,SL,33.8,0.4,84.8,CH,27.7,13.2
28, Jon Gray,592351,R,95.9,FF,17.2,11.4,0.0,0,0.0,0.0,0.0,0,0.0,0.0,0.0,0,0.0,0.0,84.9,SL,32.5,10.0,88.7,CH,26.0,14.2
29, Luis Garcia,677651,R,94.0,FF,13.1,7.5,0.0,0,0.0,0.0,85.3,FC,32.2,5.1,77.1,CUKC,57.1,5.9,79.6,SL,45.2,15.2,84.8,CH,28.0,17.0
30, Marco Gonzales,594835,L,88.4,FF,20.3,12.2,0.0,0,0.0,0.0,86.1,FC,25.2,2.3,76.6,CUKC,59.8,6.3,0.0,0,0.0,0.0,79.4,CH,36.7,17.3
31, Trevor Rogers,669432,L,94.6,FF,16.7,12.6,0.0,0,0.0,0.0,0.0,0,0.0,0.0,0.0,0,0.0,0.0,80.7,SL,36.3,7.6,85.7,CH,35.6,14.6
32, Aaron Nola,605400,R,92.8,FF,16.6,13.1,92.2,SIFT,22.6,17.0,86.8,FC,29.1,0.9,78.6,CUKC,55.7,14.4,0.0,0,0.0,0.0,85.9,CH,33.8,15.2
33, Josiah Gray,680686,R,94.4,FF,13.0,10.0,0.0,0,0.0,0.0,0.0,0,0.0,0.0,82.7,CUKC,45.4,2.0,85.8,SL,31.6,1.6,0.0,0,0.0,0.0
34, Jameson Taillon,592791,R,94.1,FF,13.2,5.7,94.2,SIFT,16.2,13.6,90.7,FC,20.7,2.9,81.1,CUKC,51.8,9.2,86.2,SL,32.6,6.2,87.7,CH,24.7,14.0
35, Shane Bieber,669456,R,91.3,FF,15.3,8.5,0.0,0,0.0,0.0,86.9,FC,27.3,2.0,82.0,CUKC,51.6,9.9,85.0,SL,35.1,2.8,0.0,0,0.0,0.0
36, Zack Wheeler,554430,R,95.9,FF,13.6,9.2,95.4,SIFT,18.5,16.0,0.0,0,0.0,0.0,81.3,CUKC,51.7,9.2,90.6,SL,26.8,2.3,0.0,0,0.0,0.0
37, José Quintana,500779,L,91.2,FF,17.7,2.4,91.4,SIFT,19.7,12.6,0.0,0,0.0,0.0,78.4,CUKC,51.2,7.9,0.0,0,0.0,0.0,86.4,CH,30.8,11.7
38, Max Scherzer,453286,R,94.0,FF,15.0,11.1,0.0,0,0.0,0.0,89.2,FC,26.0,0.3,75.0,CUKC,58.4,16.6,85.0,SL,34.7,3.2,84.1,CH,34.9,14.9
39, Tyler Anderson,542881,L,90.7,FF,15.3,7.5,89.0,SIFT,28.0,17.2,85.7,FC,27.2,2.5,0.0,0,0.0,0.0,0.0,0,0.0,0.0,79.0,CH,34.8,13.3
40, Brandon Woodruff,605540,R,96.3,FF,12.1,6.0,95.8,SIFT,15.9,14.0,0.0,0,0.0,0.0,84.0,CUKC,46.0,2.5,88.0,SL,32.0,3.8,86.1,CH,28.0,15.8
41, Charlie Morton,450203,R,94.9,FF,17.8,10.5,94.7,SIFT,25.4,17.1,88.4,FC,29.7,1.8,81.3,CUKC,51.1,15.5,0.0,0,0.0,0.0,87.2,CH,34.5,17.6
42, Reid Detmers,672282,L,93.2,FF,14.7,10.1,0.0,0,0.0,0.0,0.0,0,0.0,0.0,73.1,CUKC,67.0,12.2,85.9,SL,37.9,3.1,84.2,CH,29.6,13.5
43, Ian Anderson,666120,R,94.0,FF,14.3,5.9,0.0,0,0.0,0.0,0.0,0,0.0,0.0,81.7,CUKC,43.8,0.6,0.0,0,0.0,0.0,88.2,CH,25.3,10.4
44, George Kirby,669923,R,95.3,FF,15.1,8.8,94.7,SIFT,20.6,16.2,88.3,FC,30.2,3.8,80.8,CUKC,53.6,9.9,85.5,SL,38.1,10.1,86.0,CH,33.5,15.3
45, Andre Pallante,669467,R,95.2,FF,21.0,3.6,94.8,SIFT,17.9,12.7,0.0,0,0.0,0.0,76.5,CUKC,65.1,9.0,87.0,SL,37.3,5.4,0.0,0,0.0,0.0
46, Jordan Lyles,543475,R,91.8,FF,15.5,5.8,90.8,SIFT,20.8,13.4,0.0,0,0.0,0.0,79.1,CUKC,58.7,7.6,80.0,SL,44.2,16.8,86.3,CH,29.1,13.7
47, Cole Irvin,608344,L,90.7,FF,17.1,9.8,90.3,SIFT,21.5,14.3,0.0,0,0.0,0.0,77.5,CUKC,49.6,8.2,0.0,0,0.0,0.0,83.0,CH,32.5,13.3
48, Yusei Kikuchi,579328,L,94.9,FF,13.6,11.5,0.0,0,0.0,0.0,91.1,FC,21.9,0.3,0.0,0,0.0,0.0,86.5,SL,34.5,3.1,87.0,CH,28.1,10.5
49, Jake Odorizzi,543606,R,92.1,FF,15.0,9.8,0.0,0,0.0,0.0,87.6,FC,23.3,2.6,0.0,0,0.0,0.0,82.6,SL,36.6,6.5,0.0,0,0.0,0.0
50, Lance Lynn,458681,R,93.0,FF,18.3,3.7,91.5,SIFT,25.8,10.9,89.0,FC,29.0,2.2,82.0,CUKC,42.2,10.4,0.0,0,0.0,0.0,0.0,0,0.0,0.0
51, Zach Plesac,668676,R,91.9,FF,13.5,7.4,0.0,0,0.0,0.0,0.0,0,0.0,0.0,79.3,CUKC,52.8,1.9,85.4,SL,29.9,1.3,85.7,CH,24.9,11.4
52, Max Fried,608331,L,94.0,FF,18.5,1.7,93.6,SIFT,21.6,11.0,0.0,0,0.0,0.0,74.3,CUKC,66.8,9.5,87.3,SL,34.9,3.8,86.5,CH,32.4,12.9
53, Madison Bumgarner,518516,L,91.2,FF,17.8,8.0,0.0,0,0.0,0.0,87.4,FC,27.7,2.9,78.6,CUKC,47.1,9.2,0.0,0,0.0,0.0,85.5,CH,29.6,13.0
54, Paolo Espino,502179,R,88.5,FF,15.9,2.8,0.0,0,0.0,0.0,0.0,0,0.0,0.0,71.3,CUKC,73.2,13.1,77.7,SL,44.2,18.7,0.0,0,0.0,0.0
55, Merrill Kelly,518876,R,92.6,FF,16.6,8.1,92.6,SIFT,24.4,16.1,90.9,FC,20.1,1.6,82.2,CUKC,50.9,9.1,0.0,0,0.0,0.0,88.6,CH,32.3,16.6
56, Kyle Bradish,680694,R,94.6,FF,14.4,1.3,0.0,0,0.0,0.0,0.0,0,0.0,0.0,83.2,CUKC,53.1,5.8,86.9,SL,37.4,10.8,89.9,CH,24.3,12.2
57, Mitch Keller,656605,R,95.5,FF,15.2,7.3,94.4,SIFT,19.7,14.8,0.0,0,0.0,0.0,78.7,CUKC,60.0,11.2,87.0,SL,36.3,4.9,91.2,CH,28.1,14.8
58, Shane McClanahan,663556,L,96.7,FF,11.7,10.8,0.0,0,0.0,0.0,0.0,0,0.0,0.0,82.0,CUKC,52.1,7.6,89.3,SL,30.6,3.6,87.7,CH,25.4,16.0
59, Chris Flexen,623167,R,91.7,FF,13.7,2.3,0.0,0,0.0,0.0,87.4,FC,28.4,6.6,0.0,0,0.0,0.0,80.9,SL,43.5,8.4,81.1,CH,32.9,12.6
60, Jeffrey Springs,605488,L,91.4,FF,15.3,11.4,0.0,0,0.0,0.0,0.0,0,0.0,0.0,0.0,0,0.0,0.0,85.4,SL,32.4,4.5,81.1,CH,34.1,13.7
61, Dylan Bundy,605164,R,89.0,FF,15.3,4.5,89.7,SIFT,17.0,12.1,0.0,0,0.0,0.0,72.2,CUKC,63.4,8.2,79.1,SL,44.4,5.3,81.1,CH,35.3,12.2
62, Zack Greinke,425844,R,89.1,FF,18.4,2.0,0.0,0,0.0,0.0,85.8,FC,30.9,6.7,72.0,CUKC,64.4,12.5,82.2,SL,34.4,8.1,86.5,CH,32.6,12.8
63, Miles Mikolas,571945,R,93.5,FF,16.3,4.9,93.0,SIFT,19.5,13.3,0.0,0,0.0,0.0,76.0,CUKC,63.3,8.7,87.7,SL,31.1,3.9,0.0,0,0.0,0.0
64, Taylor Hearn,621368,L,94.8,FF,13.8,7.7,93.8,SIFT,18.7,14.5,0.0,0,0.0,0.0,0.0,0,0.0,0.0,84.9,SL,38.7,3.2,87.6,CH,26.1,10.4
65, Carlos Carrasco,471911,R,93.2,FF,17.5,7.5,91.9,SIFT,24.9,16.2,0.0,0,0.0,0.0,0.0,0,0.0,0.0,84.9,SL,35.6,2.3,87.4,CH,34.6,8.1
66, Germán Márquez,608566,R,95.6,FF,16.6,8.9,95.1,SIFT,21.0,14.3,0.0,0,0.0,0.0,86.5,CUKC,38.3,1.1,87.7,SL,31.1,0.3,0.0,0,0.0,0.0
67, Brock Burke,656271,L,95.0,FF,14.0,10.3,0.0,0,0.0,0.0,0.0,0,0.0,0.0,0.0,0,0.0,0.0,87.2,SL,30.7,0.9,88.1,CH,26.8,16.9
68, Austin Gomber,596295,L,91.0,FF,15.6,6.3,0.0,0,0.0,0.0,0.0,0,0.0,0.0,75.8,CUKC,61.6,7.0,84.3,SL,34.7,5.0,82.0,CH,29.8,9.8
69, Keegan Thompson,624522,R,93.6,FF,13.9,4.4,92.8,SIFT,18.9,12.5,89.9,FC,25.4,5.2,81.3,CUKC,55.1,8.2,0.0,0,0.0,0.0,0.0,0,0.0,0.0
70, Luis Castillo,622491,R,97.1,FF,15.4,11.4,96.9,SIFT,23.3,17.8,0.0,0,0.0,0.0,0.0,0,0.0,0.0,86.5,SL,36.0,1.1,88.4,CH,32.3,17.3
71, Antonio Senzatela,622608,R,94.2,FF,19.6,3.3,0.0,0,0.0,0.0,0.0,0,0.0,0.0,78.2,CUKC,50.8,5.9,86.1,SL,34.3,4.9,87.0,CH,27.8,8.0
72, Jonathan Heasley,669169,R,93.4,FF,12.5,8.2,0.0,0,0.0,0.0,0.0,0,0.0,0.0,78.5,CUKC,60.3,6.1,85.6,SL,34.0,3.3,84.9,CH,27.7,12.9
73, Sandy Alcantara,645261,R,98.0,FF,14.9,12.0,97.8,SIFT,21.3,17.7,0.0,0,0.0,0.0,0.0,0,0.0,0.0,90.0,SL,30.5,0.3,91.8,CH,28.8,16.8
74, Brad Keller,641745,R,94.5,FF,17.3,2.4,93.4,SIFT,23.5,10.4,0.0,0,0.0,0.0,0.0,0,0.0,0.0,86.9,SL,38.5,5.7,90.0,CH,25.1,10.1
75, Drew Rasmussen,656876,R,95.5,FF,13.5,2.3,0.0,0,0.0,0.0,90.3,FC,29.3,1.4,0.0,0,0.0,0.0,84.6,SL,42.2,12.1,0.0,0,0.0,0.0
76, Tony Gonsolin,664062,R,93.1,FF,14.2,8.5,0.0,0,0.0,0.0,0.0,0,0.0,0.0,80.7,CUKC,54.0,3.3,87.5,SL,30.8,3.2,0.0,0,0.0,0.0
77, Joan Adon,672851,R,95.0,FF,15.4,10.7,0.0,0,0.0,0.0,0.0,0,0.0,0.0,79.7,CUKC,53.5,7.8,0.0,0,0.0,0.0,87.4,CH,28.5,16.1
78, Luis Severino,622663,R,96.3,FF,12.2,7.6,0.0,0,0.0,0.0,90.4,FC,28.9,4.9,0.0,0,0.0,0.0,85.2,SL,40.8,10.3,88.8,CH,25.4,13.6
79, Roansy Contreras,672710,R,95.6,FF,12.3,7.4,0.0,0,0.0,0.0,0.0,0,0.0,0.0,78.9,CUKC,56.7,8.9,83.8,SL,40.3,4.3,0.0,0,0.0,0.0
80, Andrew Heaney,571760,L,93.0,FF,17.5,14.8,0.0,0,0.0,0.0,0.0,0,0.0,0.0,0.0,0,0.0,0.0,83.4,SL,38.2,3.6,85.0,CH,31.6,16.7
81, Mitch White,669952,R,93.7,FF,15.2,3.9,94.2,SIFT,16.8,13.1,0.0,0,0.0,0.0,80.2,CUKC,57.2,5.2,85.4,SL,38.3,9.2,0.0,0,0.0,0.0
82, MacKenzie Gore,669022,L,94.7,FF,13.0,5.2,0.0,0,0.0,0.0,0.0,0,0.0,0.0,80.8,CUKC,52.3,0.6,87.4,SL,30.6,2.1,84.8,CH,24.9,13.1
83, José Berríos,621244,R,94.0,FF,16.6,10.6,93.9,SIFT,20.8,16.6,0.0,0,0.0,0.0,0.0,0,0.0,0.0,0.0,0,0.0,0.0,84.6,CH,33.9,14.4
84, Colin Poche,621363,L,93.2,FF,10.7,0.9,0.0,0,0.0,0.0,0.0,0,0.0,0.0,78.8,CUKC,48.7,17.7,0.0,0,0.0,0.0,0.0,0,0.0,0.0
85, Yu Darvish,506433,R,95.0,FF,13.5,7.1,94.7,SIFT,18.9,14.0,86.5,FC,35.3,5.2,0.0,0,0.0,0.0,82.3,SL,42.6,15.0,0.0,0,0.0,0.0
86, Freddy Peralta,642547,R,92.6,FF,16.0,8.8,0.0,0,0.0,0.0,0.0,0,0.0,0.0,75.8,CUKC,51.2,5.6,80.3,SL,39.0,8.0,85.9,CH,33.4,14.7
87, Trevor Williams,592866,R,91.2,FF,19.9,6.9,89.0,SIFT,30.9,15.6,0.0,0,0.0,0.0,78.6,CUKC,42.0,11.0,83.2,SL,37.1,5.6,84.4,CH,33.6,13.9
88, Craig Kimbrel,518886,R,95.8,FF,15.4,10.4,0.0,0,0.0,0.0,0.0,0,0.0,0.0,85.7,CUKC,44.0,10.2,0.0,0,0.0,0.0,0.0,0,0.0,0.0
89, Taijuan Walker,592836,R,93.7,FF,14.0,10.1,92.9,SIFT,18.9,15.2,88.6,FC,23.0,1.5,75.0,CUKC,60.5,7.0,84.8,SL,32.6,5.3,0.0,0,0.0,0.0
90, Clayton Kershaw,477132,L,90.7,FF,14.7,0.5,0.0,0,0.0,0.0,0.0,0,0.0,0.0,73.2,CUKC,66.9,4.9,86.6,SL,29.8,5.4,0.0,0,0.0,0.0
91, Austin Voth,608723,R,93.5,FF,13.9,7.2,0.0,0,0.0,0.0,89.5,FC,26.6,2.5,77.5,CUKC,57.2,16.0,0.0,0,0.0,0.0,0.0,0,0.0,0.0
92, Drew Hutchison,571800,R,92.4,FF,15.2,3.7,92.7,SIFT,17.3,11.2,0.0,0,0.0,0.0,0.0,0,0.0,0.0,86.0,SL,37.2,4.5,86.5,CH,26.9,13.3
93, Shohei Ohtani,660271,R,97.3,FF,14.5,3.4,0.0,0,0.0,0.0,90.6,FC,27.6,3.6,77.7,CUKC,59.5,11.2,0.0,0,0.0,0.0,0.0,0,0.0,0.0
94, Mike Minor,501985,L,90.4,FF,19.2,3.9,0.0,0,0.0,0.0,0.0,0,0.0,0.0,79.2,CUKC,55.0,7.1,85.4,SL,33.7,3.5,84.2,CH,28.8,16.7
95, Carlos Estévez,608032,R,97.5,FF,14.1,10.0,0.0,0,0.0,0.0,0.0,0,0.0,0.0,0.0,0,0.0,0.0,87.3,SL,35.1,5.1,88.4,CH,28.4,10.6
96, David Peterson,656849,L,93.7,FF,17.5,9.0,93.2,SIFT,22.2,16.7,0.0,0,0.0,0.0,78.5,CUKC,52.5,7.3,84.4,SL,37.7,3.9,85.8,CH,31.2,16.2
97, Rich Hill,448179,L,88.5,FF,16.4,8.2,0.0,0,0.0,0.0,84.2,FC,29.6,1.9,71.8,CUKC,67.7,17.8,69.2,SL,56.5,22.7,0.0,0,0.0,0.0
98, Mike Clevinger,605182,R,93.6,FF,14.2,8.7,93.2,SIFT,16.6,14.0,86.6,FC,31.3,4.3,0.0,0,0.0,0.0,79.9,SL,44.6,15.6,86.3,CH,26.6,14.3
99, Ian Kennedy,453178,R,93.4,FF,14.1,10.4,0.0,0,0.0,0.0,0.0,0,0.0,0.0,79.6,CUKC,50.5,8.3,0.0,0,0.0,0.0,85.7,CH,29.0,8.4
100, Brent Suter,608718,L,86.4,FF,23.7,3.8,87.4,SIFT,23.3,10.3,0.0,0,0.0,0.0,0.0,0,0.0,0.0,0.0,0,0.0,0.0,77.2,CH,34.8,10.0
101, Carl Edwards Jr.,605218,R,94.6,FF,14.2,1.7,0.0,0,0.0,0.0,0.0,0,0.0,0.0,80.2,CUKC,52.7,7.9,0.0,0,0.0,0.0,90.6,CH,23.4,12.3
102, Ross Stripling,548389,R,91.9,FF,13.7,5.2,89.9,SIFT,19.4,12.1,0.0,0,0.0,0.0,76.1,CUKC,59.0,7.2,87.1,SL,29.6,4.5,82.6,CH,29.7,10.9
103, Joe Musgrove,605397,R,92.9,FF,18.3,4.1,92.4,SIFT,22.9,12.4,90.1,FC,24.5,1.6,81.3,CUKC,55.5,9.6,82.9,SL,41.8,12.8,86.5,CH,32.7,11.4
104, Dylan Coleman,669395,R,97.5,FF,15.2,4.8,0.0,0,0.0,0.0,0.0,0,0.0,0.0,0.0,0,0.0,0.0,83.3,SL,36.2,13.9,0.0,0,0.0,0.0
105, Phil Bickford,641360,R,94.1,FF,15.2,4.8,0.0,0,0.0,0.0,0.0,0,0.0,0.0,0.0,0,0.0,0.0,83.3,SL,37.6,6.5,0.0,0,0.0,0.0
106, Alexis Díaz,664747,R,95.7,FF,15.6,6.6,0.0,0,0.0,0.0,0.0,0,0.0,0.0,0.0,0,0.0,0.0,86.9,SL,35.1,5.8,0.0,0,0.0,0.0
107, Nathan Eovaldi,543135,R,95.7,FF,15.5,12.3,0.0,0,0.0,0.0,90.6,FC,22.2,1.4,78.3,CUKC,54.2,9.7,85.9,SL,33.8,6.6,0.0,0,0.0,0.0
108, Bryan Baker,641329,R,96.2,FF,11.8,2.4,0.0,0,0.0,0.0,0.0,0,0.0,0.0,0.0,0,0.0,0.0,87.3,SL,33.1,7.4,84.0,CH,28.0,14.3
109, Frankie Montas,593423,R,96.1,FF,12.8,6.3,95.6,SIFT,18.4,15.5,89.5,FC,27.8,4.0,0.0,0,0.0,0.0,87.2,SL,32.9,6.2,0.0,0,0.0,0.0
110, Tyler Wells,669330,R,93.5,FF,11.6,5.9,0.0,0,0.0,0.0,0.0,0,0.0,0.0,76.3,CUKC,58.2,9.3,87.5,SL,28.0,4.9,86.7,CH,23.2,14.9
111, Konnor Pilkington,663455,L,92.1,FF,16.0,9.4,0.0,0,0.0,0.0,0.0,0,0.0,0.0,77.0,CUKC,57.3,6.3,81.9,SL,41.1,1.9,84.4,CH,30.1,14.3
112, Kyle Freeland,607536,L,90.3,FF,19.9,5.9,89.6,SIFT,27.5,13.0,0.0,0,0.0,0.0,80.9,CUKC,48.5,4.3,85.5,SL,32.6,1.4,84.8,CH,30.6,10.9
113, Dean Kremer,665152,R,93.5,FF,14.9,8.9,91.7,SIFT,20.6,16.2,88.0,FC,27.1,4.7,76.5,CUKC,62.2,11.1,0.0,0,0.0,0.0,83.8,CH,37.8,15.1
114, Michael Wacha,608379,R,93.0,FF,12.4,6.7,92.6,SIFT,15.3,11.7,88.8,FC,23.4,1.2,74.7,CUKC,58.8,10.3,0.0,0,0.0,0.0,84.3,CH,26.2,12.5
115, Chris Archer,502042,R,93.0,FF,13.1,6.4,0.0,0,0.0,0.0,0.0,0,0.0,0.0,81.7,CUKC,46.6,5.0,88.7,SL,30.5,5.2,87.0,CH,26.9,13.0
116, Rowan Wick,592858,R,94.9,FF,12.7,2.8,0.0,0,0.0,0.0,93.1,FC,16.9,2.5,76.8,CUKC,65.6,7.5,82.2,SL,37.5,11.8,0.0,0,0.0,0.0
117, Keegan Akin,669211,L,93.5,FF,13.5,10.7,0.0,0,0.0,0.0,0.0,0,0.0,0.0,0.0,0,0.0,0.0,85.3,SL,36.3,5.1,84.2,CH,30.0,16.0
118, Spenser Watkins,657093,R,91.4,FF,16.2,1.2,0.0,0,0.0,0.0,87.1,FC,28.5,6.0,76.8,CUKC,60.7,5.7,78.4,SL,47.1,13.9,0.0,0,0.0,0.0
119, JP Sears,676664,L,93.2,FF,17.9,12.1,0.0,0,0.0,0.0,0.0,0,0.0,0.0,0.0,0,0.0,0.0,79.2,SL,47.2,7.0,82.7,CH,36.8,18.1
120, José Suarez,660761,L,92.7,FF,16.4,9.5,91.7,SIFT,22.6,15.2,0.0,0,0.0,0.0,78.0,CUKC,51.8,10.5,81.7,SL,36.4,9.1,82.4,CH,35.4,12.7
121, Félix Bautista,642585,R,99.1,FF,8.2,7.3,0.0,0,0.0,0.0,0.0,0,0.0,0.0,0.0,0,0.0,0.0,85.2,SL,39.1,5.3,0.0,0,0.0,0.0
122, Will Vest,676684,R,95.1,FF,14.8,9.3,0.0,0,0.0,0.0,0.0,0,0.0,0.0,0.0,0,0.0,0.0,86.4,SL,38.6,9.0,86.8,CH,32.6,15.5
123, Alex Vesia,681911,L,94.1,FF,11.4,5.0,0.0,0,0.0,0.0,0.0,0,0.0,0.0,0.0,0,0.0,0.0,85.0,SL,34.5,7.3,0.0,0,0.0,0.0
124, Brad Boxberger,502202,R,92.7,FF,14.5,6.0,0.0,0,0.0,0.0,0.0,0,0.0,0.0,0.0,0,0.0,0.0,87.3,SL,29.2,7.0,81.2,CH,35.9,11.2
125, Joe Jiménez,641729,R,95.7,FF,11.6,10.4,0.0,0,0.0,0.0,0.0,0,0.0,0.0,0.0,0,0.0,0.0,84.8,SL,36.5,2.7,90.7,CH,24.3,16.3
126, Beau Brieske,689225,R,94.3,FF,13.3,7.3,93.6,SIFT,17.1,13.3,0.0,0,0.0,0.0,0.0,0,0.0,0.0,86.2,SL,29.9,0.1,82.0,CH,28.0,15.4
127, Ryan Feltner,663372,R,94.5,FF,17.0,6.6,93.5,SIFT,25.7,12.1,0.0,0,0.0,0.0,77.9,CUKC,54.6,8.2,84.4,SL,36.2,5.8,83.8,CH,33.0,5.3
128, José Quijada,650671,L,94.5,FF,15.2,6.0,0.0,0,0.0,0.0,0.0,0,0.0,0.0,0.0,0,0.0,0.0,0.0,0,0.0,0.0,86.9,CH,31.3,16.3
129, Lucas Gilbreath,656458,L,93.8,FF,15.1,0.6,0.0,0,0.0,0.0,0.0,0,0.0,0.0,0.0,0,0.0,0.0,82.7,SL,42.7,3.8,0.0,0,0.0,0.0
130, Emilio Pagán,641941,R,95.6,FF,11.6,4.9,0.0,0,0.0,0.0,85.8,FC,35.1,4.4,0.0,0,0.0,0.0,0.0,0,0.0,0.0,0.0,0,0.0,0.0
131, Liam Hendriks,521230,R,97.6,FF,10.1,6.0,0.0,0,0.0,0.0,0.0,0,0.0,0.0,85.8,CUKC,47.6,3.2,89.0,SL,30.7,2.5,0.0,0,0.0,0.0
132, Tyler Rogers,643511,R,83.2,FF,53.2,1.5,0.0,0,0.0,0.0,0.0,0,0.0,0.0,0.0,0,0.0,0.0,72.2,SL,39.2,13.9,0.0,0,0.0,0.0
133, Vince Velasquez,592826,R,93.2,FF,13.1,5.1,91.9,SIFT,18.5,12.3,0.0,0,0.0,0.0,81.5,CUKC,50.6,4.4,84.7,SL,33.8,6.5,88.1,CH,28.4,12.2
134, Caleb Smith,592761,L,91.9,FF,13.9,10.9,0.0,0,0.0,0.0,0.0,0,0.0,0.0,0.0,0,0.0,0.0,85.4,SL,29.2,3.1,83.6,CH,24.2,13.7
135, Matt Moore,519043,L,93.9,FF,13.2,9.1,0.0,0,0.0,0.0,0.0,0,0.0,0.0,83.6,CUKC,50.2,4.1,0.0,0,0.0,0.0,85.0,CH,29.4,17.0
136, Patrick Sandoval,663776,L,93.1,FF,15.1,4.0,93.4,SIFT,19.0,13.7,0.0,0,0.0,0.0,78.6,CUKC,56.5,7.6,86.3,SL,35.6,6.6,83.7,CH,30.6,14.3
137, Corey Knebel,608349,R,95.6,FF,12.5,3.8,0.0,0,0.0,0.0,0.0,0,0.0,0.0,78.7,CUKC,62.5,10.3,0.0,0,0.0,0.0,0.0,0,0.0,0.0
138, A.J. Minter,621345,L,96.6,FF,12.0,6.5,0.0,0,0.0,0.0,90.3,FC,29.0,5.1,0.0,0,0.0,0.0,0.0,0,0.0,0.0,87.6,CH,32.3,16.2
139, Eli Morgan,669212,R,92.1,FF,15.1,10.9,0.0,0,0.0,0.0,0.0,0,0.0,0.0,0.0,0,0.0,0.0,85.7,SL,32.3,1.4,75.9,CH,44.0,15.6
140, Ryan Helsley,664854,R,99.6,FF,9.5,2.8,0.0,0,0.0,0.0,0.0,0,0.0,0.0,80.7,CUKC,53.7,6.7,89.1,SL,32.2,4.5,0.0,0,0.0,0.0
141, Tyler Matzek,554431,L,94.1,FF,13.4,3.8,0.0,0,0.0,0.0,0.0,0,0.0,0.0,0.0,0,0.0,0.0,83.2,SL,46.9,6.4,0.0,0,0.0,0.0
142, Chase De Jong,608328,R,92.8,FF,13.2,1.2,0.0,0,0.0,0.0,0.0,0,0.0,0.0,77.7,CUKC,59.4,6.3,83.6,SL,40.6,4.4,0.0,0,0.0,0.0
143, Reynaldo López,625643,R,97.1,FF,12.1,7.2,0.0,0,0.0,0.0,0.0,0,0.0,0.0,80.4,CUKC,50.4,9.4,87.4,SL,30.8,6.4,0.0,0,0.0,0.0
144, Hunter Strickland,519326,R,95.0,FF,16.9,5.0,94.3,SIFT,20.6,12.7,0.0,0,0.0,0.0,0.0,0,0.0,0.0,84.8,SL,39.4,8.5,0.0,0,0.0,0.0
145, Nick Lodolo,666157,L,94.4,FF,20.5,16.8,94.2,SIFT,24.3,18.6,0.0,0,0.0,0.0,81.5,CUKC,40.0,13.8,0.0,0,0.0,0.0,88.3,CH,32.9,17.9
146, Eduardo Rodriguez,593958,L,91.7,FF,18.0,6.9,91.7,SIFT,22.2,13.9,88.7,FC,24.9,1.1,0.0,0,0.0,0.0,0.0,0,0.0,0.0,85.5,CH,30.7,16.5
147, José Ruiz,614179,R,96.9,FF,12.0,7.1,0.0,0,0.0,0.0,0.0,0,0.0,0.0,86.3,CUKC,42.0,2.0,0.0,0,0.0,0.0,89.9,CH,25.8,15.4
148, Sonny Gray,543243,R,92.1,FF,16.8,1.5,92.0,SIFT,22.7,13.4,83.4,FC,44.8,7.5,78.7,CUKC,58.9,14.4,81.6,SL,47.5,17.5,0.0,0,0.0,0.0
149, Adrian Sampson,592716,R,92.4,FF,17.4,10.1,91.9,SIFT,21.4,14.3,84.9,FC,37.7,3.3,0.0,0,0.0,0.0,83.0,SL,41.6,10.3,85.1,CH,31.7,15.9
150, Mychal Givens,571710,R,93.4,FF,19.2,6.9,0.0,0,0.0,0.0,0.0,0,0.0,0.0,0.0,0,0.0,0.0,84.7,SL,35.5,6.1,82.0,CH,43.6,9.2
151, Ryne Stanek,592773,R,98.3,FF,10.8,10.2,0.0,0,0.0,0.0,0.0,0,0.0,0.0,0.0,0,0.0,0.0,87.1,SL,38.0,2.3,0.0,0,0.0,0.0
152, Kyle Wright,657140,R,95.1,FF,17.7,11.4,94.4,SIFT,25.9,16.6,0.0,0,0.0,0.0,84.7,CUKC,46.6,9.0,90.1,SL,25.6,1.0,88.1,CH,35.0,15.9
153, Glenn Otto,657248,R,92.1,FF,17.0,4.3,92.2,SIFT,22.4,13.9,0.0,0,0.0,0.0,81.2,CUKC,52.3,6.5,81.1,SL,42.4,16.5,88.2,CH,25.9,14.0
154, Jake Diekman,518617,L,95.6,FF,17.6,15.9,95.3,SIFT,22.5,17.8,0.0,0,0.0,0.0,0.0,0,0.0,0.0,81.4,SL,40.3,16.0,0.0,0,0.0,0.0
155, Nick Nelson,656793,R,96.3,FF,13.2,6.6,0.0,0,0.0,0.0,0.0,0,0.0,0.0,0.0,0,0.0,0.0,89.9,SL,30.0,2.2,87.9,CH,28.2,16.1
156, A.J. Puk,640462,L,96.7,FF,17.4,12.6,96.1,SIFT,24.0,17.8,0.0,0,0.0,0.0,0.0,0,0.0,0.0,86.9,SL,35.2,3.3,0.0,0,0.0,0.0
157, Trevor Richards,670950,R,93.4,FF,11.4,7.4,0.0,0,0.0,0.0,0.0,0,0.0,0.0,85.1,CUKC,35.7,2.0,0.0,0,0.0,0.0,84.1,CH,32.6,16.2
158, Tarik Skubal,669373,L,94.1,FF,15.1,8.3,94.8,SIFT,19.3,15.2,0.0,0,0.0,0.0,76.9,CUKC,55.3,6.4,89.3,SL,25.9,1.1,83.6,CH,32.6,13.4
159, Hunter Harvey,640451,R,98.3,FF,11.0,9.1,0.0,0,0.0,0.0,0.0,0,0.0,0.0,82.8,CUKC,52.0,8.1,0.0,0,0.0,0.0,0.0,0,0.0,0.0
160, Matt Manning,666159,R,93.2,FF,15.0,2.9,92.8,SIFT,17.3,9.8,0.0,0,0.0,0.0,79.7,CUKC,54.0,8.9,83.7,SL,29.0,8.2,86.2,CH,29.5,11.7
161, Jhoan Duran,661395,R,100.8,FF,12.9,11.7,0.0,0,0.0,0.0,0.0,0,0.0,0.0,87.8,CUKC,42.2,3.0,0.0,0,0.0,0.0,0.0,0,0.0,0.0
162, Enyel De Los Santos,660853,R,95.3,FF,15.9,11.8,0.0,0,0.0,0.0,0.0,0,0.0,0.0,0.0,0,0.0,0.0,83.1,SL,39.1,2.7,87.4,CH,26.3,15.4
163, Zach Logue,656657,L,90.1,FF,20.0,10.1,0.0,0,0.0,0.0,85.9,FC,29.1,1.5,77.5,CUKC,42.4,10.4,0.0,0,0.0,0.0,82.0,CH,40.6,15.2
164, Jake McGee,459429,L,94.4,FF,15.8,11.7,0.0,0,0.0,0.0,0.0,0,0.0,0.0,0.0,0,0.0,0.0,85.2,SL,31.5,1.0,0.0,0,0.0,0.0
165, Alex Faedo,656412,R,92.7,FF,14.9,11.0,0.0,0,0.0,0.0,0.0,0,0.0,0.0,0.0,0,0.0,0.0,85.0,SL,35.0,2.8,86.2,CH,25.8,15.8
166, Paul Sewald,623149,R,92.5,FF,18.4,11.9,0.0,0,0.0,0.0,0.0,0,0.0,0.0,0.0,0,0.0,0.0,82.8,SL,31.4,12.0,0.0,0,0.0,0.0
167, Kutter Crawford,676710,R,94.6,FF,11.6,10.0,0.0,0,0.0,0.0,88.8,FC,26.7,4.4,79.7,CUKC,57.5,9.2,85.2,SL,37.7,5.1,86.6,CH,25.9,10.9
168, Rafael Montero,606160,R,96.4,FF,13.8,9.3,95.9,SIFT,21.4,16.2,0.0,0,0.0,0.0,0.0,0,0.0,0.0,87.9,SL,32.6,6.0,91.1,CH,27.5,16.9
169, Carlos Hernández,672578,R,96.7,FF,12.1,8.1,0.0,0,0.0,0.0,0.0,0,0.0,0.0,82.1,CUKC,45.1,3.1,85.7,SL,34.9,3.1,0.0,0,0.0,0.0
170, Caleb Thielbar,573204,L,92.8,FF,12.3,3.2,0.0,0,0.0,0.0,0.0,0,0.0,0.0,73.0,CUKC,68.3,10.5,81.3,SL,39.8,14.3,0.0,0,0.0,0.0
171, John Brebbia,605154,R,94.4,FF,13.4,10.0,0.0,0,0.0,0.0,0.0,0,0.0,0.0,0.0,0,0.0,0.0,84.0,SL,35.4,5.9,0.0,0,0.0,0.0
172, Patrick Corbin,571578,L,92.1,FF,17.6,8.1,92.9,SIFT,20.0,14.3,0.0,0,0.0,0.0,0.0,0,0.0,0.0,81.7,SL,39.6,2.9,82.5,CH,30.4,12.7
173, Trevor Stephan,663986,R,96.5,FF,15.0,11.0,0.0,0,0.0,0.0,0.0,0,0.0,0.0,0.0,0,0.0,0.0,85.9,SL,34.5,9.5,0.0,0,0.0,0.0
174, Austin Davis,656354,L,94.1,FF,15.8,10.4,0.0,0,0.0,0.0,0.0,0,0.0,0.0,0.0,0,0.0,0.0,80.5,SL,41.6,15.0,86.3,CH,29.1,15.9
175, Jalen Beeks,656222,L,95.0,FF,12.5,5.1,0.0,0,0.0,0.0,0.0,0,0.0,0.0,0.0,0,0.0,0.0,0.0,0,0.0,0.0,90.3,CH,25.3,16.6
176, Davis Martin,663436,R,94.0,FF,14.6,6.3,0.0,0,0.0,0.0,0.0,0,0.0,0.0,79.7,CUKC,54.6,8.1,84.3,SL,38.2,7.1,85.9,CH,28.0,14.9
177, Tanner Scott,656945,L,96.9,FF,12.6,5.3,0.0,0,0.0,0.0,0.0,0,0.0,0.0,0.0,0,0.0,0.0,89.2,SL,35.1,5.2,0.0,0,0.0,0.0
178, Erik Swanson,657024,R,93.6,FF,12.5,10.0,0.0,0,0.0,0.0,0.0,0,0.0,0.0,0.0,0,0.0,0.0,84.9,SL,31.6,5.9,0.0,0,0.0,0.0
179, Chris Stratton,608717,R,92.8,FF,16.9,3.6,0.0,0,0.0,0.0,0.0,0,0.0,0.0,80.8,CUKC,50.2,16.1,86.7,SL,35.1,6.6,86.8,CH,32.4,11.6
180, Jordan Romano,605447,R,96.9,FF,11.2,5.3,0.0,0,0.0,0.0,0.0,0,0.0,0.0,0.0,0,0.0,0.0,87.3,SL,36.9,4.2,0.0,0,0.0,0.0
181, Jesús Luzardo,666200,L,96.3,FF,14.7,13.5,95.7,SIFT,18.2,17.1,0.0,0,0.0,0.0,0.0,0,0.0,0.0,83.7,SL,39.6,1.1,87.2,CH,27.7,15.6
182, Giovanny Gallegos,606149,R,94.3,FF,12.3,7.5,0.0,0,0.0,0.0,0.0,0,0.0,0.0,0.0,0,0.0,0.0,85.5,SL,36.5,0.3,0.0,0,0.0,0.0
183, Jordan Weems,607179,R,96.8,FF,11.1,6.8,0.0,0,0.0,0.0,0.0,0,0.0,0.0,0.0,0,0.0,0.0,88.2,SL,32.7,6.0,87.3,CH,29.5,10.0
184, Phil Maton,664208,R,91.0,FF,16.8,1.3,90.2,SIFT,24.7,15.2,0.0,0,0.0,0.0,74.5,CUKC,58.9,19.9,80.9,SL,37.7,17.8,0.0,0,0.0,0.0
185, Elieser Hernandez,622694,R,91.6,FF,15.1,6.4,92.0,SIFT,18.6,13.6,0.0,0,0.0,0.0,0.0,0,0.0,0.0,80.1,SL,30.5,8.2,84.6,CH,29.4,16.5
186, Zach Jackson,667427,R,94.5,FF,11.2,5.0,0.0,0,0.0,0.0,0.0,0,0.0,0.0,0.0,0,0.0,0.0,85.2,SL,40.1,0.5,0.0,0,0.0,0.0
187, Jordan Montgomery,656756,L,93.0,FF,16.8,8.8,93.0,SIFT,21.9,16.9,0.0,0,0.0,0.0,80.2,CUKC,47.7,2.9,0.0,0,0.0,0.0,82.3,CH,28.5,10.9
188, Yimi Garcia,554340,R,94.9,FF,16.7,9.5,93.8,SIFT,25.2,17.7,0.0,0,0.0,0.0,82.4,CUKC,42.8,11.4,89.4,SL,26.7,2.6,87.2,CH,32.4,18.3
189, Johnny Cueto,456501,R,91.4,FF,17.8,12.1,91.4,SIFT,23.5,16.8,86.9,FC,26.1,3.3,0.0,0,0.0,0.0,83.5,SL,33.7,2.7,82.6,CH,36.0,12.2
190, Bryan Abreu,650556,R,97.2,FF,12.0,6.3,0.0,0,0.0,0.0,0.0,0,0.0,0.0,84.5,CUKC,46.2,11.3,88.4,SL,37.8,8.2,0.0,0,0.0,0.0
191, Dakota Hudson,641712,R,91.4,FF,24.2,4.4,91.9,SIFT,26.3,12.5,0.0,0,0.0,0.0,80.5,CUKC,46.9,7.4,87.8,SL,30.7,0.4,0.0,0,0.0,0.0
192, Steven Wilson,621051,R,95.1,FF,12.1,8.0,0.0,0,0.0,0.0,0.0,0,0.0,0.0,0.0,0,0.0,0.0,82.2,SL,38.8,11.1,85.1,CH,28.7,16.2
193, Ranger Suárez,624133,L,93.2,FF,20.1,6.6,92.5,SIFT,25.7,16.0,89.7,FC,26.3,0.0,76.5,CUKC,55.6,9.8,0.0,0,0.0,0.0,84.9,CH,32.2,14.8
194, Nick Martinez,607259,R,93.4,FF,14.3,7.2,93.3,SIFT,17.5,14.9,88.6,FC,26.9,1.7,81.7,CUKC,58.4,2.4,0.0,0,0.0,0.0,79.7,CH,38.2,13.4
195, David Bednar,670280,R,96.4,FF,12.4,10.2,0.0,0,0.0,0.0,0.0,0,0.0,0.0,77.1,CUKC,56.7,8.3,0.0,0,0.0,0.0,0.0,0,0.0,0.0
196, Josh Winder,680739,R,94.0,FF,13.4,8.3,0.0,0,0.0,0.0,0.0,0,0.0,0.0,81.0,CUKC,51.3,1.8,84.3,SL,37.1,1.0,88.9,CH,24.2,12.4
197, Brandon Hughes,676714,L,93.2,FF,16.8,12.9,0.0,0,0.0,0.0,0.0,0,0.0,0.0,0.0,0,0.0,0.0,82.9,SL,36.6,3.9,0.0,0,0.0,0.0
198, Tylor Megill,656731,R,95.7,FF,13.5,7.2,0.0,0,0.0,0.0,0.0,0,0.0,0.0,0.0,0,0.0,0.0,85.2,SL,38.7,4.2,89.1,CH,27.4,15.3
199, Jacob deGrom,594798,R,98.9,FF,11.3,9.5,0.0,0,0.0,0.0,0.0,0,0.0,0.0,83.4,CUKC,41.6,7.3,92.6,SL,26.4,3.6,92.0,CH,26.1,13.2
200, Matt Bush,456713,R,97.3,FF,10.1,6.7,0.0,0,0.0,0.0,92.9,FC,22.2,2.2,81.0,CUKC,51.8,8.4,0.0,0,0.0,0.0,0.0,0,0.0,0.0
201, Devin Smeltzer,656970,L,89.5,FF,18.1,11.0,0.0,0,0.0,0.0,84.8,FC,29.3,2.3,75.2,CUKC,59.0,11.6,77.1,SL,44.9,15.7,82.2,CH,37.5,13.6
202, Jeff Hoffman,656546,R,94.2,FF,13.8,10.7,0.0,0,0.0,0.0,0.0,0,0.0,0.0,0.0,0,0.0,0.0,81.2,SL,46.3,10.9,87.7,CH,28.1,14.4
203, Bryse Wilson,669060,R,92.7,FF,17.4,8.5,92.1,SIFT,24.3,16.2,0.0,0,0.0,0.0,77.2,CUKC,49.6,16.6,83.4,SL,36.2,5.2,85.1,CH,33.5,12.9
204, Robert Stephenson,596112,R,96.8,FF,14.0,11.4,0.0,0,0.0,0.0,0.0,0,0.0,0.0,0.0,0,0.0,0.0,83.9,SL,41.3,5.2,0.0,0,0.0,0.0
205, Ryan Brasier,518489,R,95.9,FF,13.2,7.1,96.1,SIFT,18.7,15.7,0.0,0,0.0,0.0,0.0,0,0.0,0.0,85.5,SL,38.0,6.4,0.0,0,0.0,0.0
206, Jarlín García,606424,L,93.8,FF,18.1,14.8,0.0,0,0.0,0.0,0.0,0,0.0,0.0,0.0,0,0.0,0.0,82.7,SL,39.1,5.9,85.2,CH,27.8,16.2
207, Michael Pineda,501381,R,89.9,FF,19.8,5.5,0.0,0,0.0,0.0,0.0,0,0.0,0.0,0.0,0,0.0,0.0,80.7,SL,41.2,0.6,85.3,CH,29.1,15.0
208, Adam Oller,670124,R,93.3,FF,14.2,11.1,93.6,SIFT,17.1,15.1,89.5,FC,24.2,1.3,80.5,CUKC,49.5,5.0,84.3,SL,43.2,4.8,86.5,CH,29.4,14.5
209, Tommy Henry,674072,L,91.6,FF,17.6,7.2,0.0,0,0.0,0.0,0.0,0,0.0,0.0,80.6,CUKC,50.5,6.8,85.7,SL,31.3,1.4,84.7,CH,34.1,14.3
210, Cory Abbott,676265,R,91.3,FF,15.8,11.5,0.0,0,0.0,0.0,0.0,0,0.0,0.0,84.4,CUKC,43.9,0.9,86.6,SL,30.6,10.2,0.0,0,0.0,0.0
211, Johan Oviedo,670912,R,96.0,FF,19.5,8.7,0.0,0,0.0,0.0,0.0,0,0.0,0.0,78.4,CUKC,49.7,10.8,85.7,SL,35.6,5.8,88.8,CH,28.7,15.4
212, Trevor Megill,656730,R,98.0,FF,11.7,4.2,0.0,0,0.0,0.0,0.0,0,0.0,0.0,83.3,CUKC,56.3,7.6,88.5,SL,39.6,6.4,0.0,0,0.0,0.0
213, James Karinchak,675916,R,95.2,FF,9.5,1.9,0.0,0,0.0,0.0,0.0,0,0.0,0.0,82.9,CUKC,48.3,1.7,0.0,0,0.0,0.0,0.0,0,0.0,0.0
214, Bailey Ober,641927,R,91.5,FF,15.3,8.5,0.0,0,0.0,0.0,0.0,0,0.0,0.0,76.7,CUKC,57.2,9.5,82.9,SL,40.1,5.4,84.3,CH,30.7,16.4
215, Domingo Acevedo,642758,R,93.0,FF,18.4,13.6,0.0,0,0.0,0.0,0.0,0,0.0,0.0,0.0,0,0.0,0.0,86.5,SL,29.6,7.2,86.8,CH,33.0,18.1
216, Luke Weaver,596133,R,94.9,FF,14.1,8.9,0.0,0,0.0,0.0,0.0,0,0.0,0.0,0.0,0,0.0,0.0,84.6,SL,41.2,4.9,86.9,CH,30.7,14.6
217, Héctor Neris,593576,R,94.3,FF,13.9,10.4,94.5,SIFT,18.5,16.9,0.0,0,0.0,0.0,0.0,0,0.0,0.0,87.6,SL,29.9,1.7,0.0,0,0.0,0.0
218, Ryan Pepiot,686752,R,93.9,FF,12.9,9.9,0.0,0,0.0,0.0,0.0,0,0.0,0.0,0.0,0,0.0,0.0,86.7,SL,32.4,7.0,86.8,CH,29.8,16.8
219, Penn Murfee,682171,R,89.0,FF,26.7,2.9,88.9,SIFT,33.1,10.7,0.0,0,0.0,0.0,0.0,0,0.0,0.0,79.7,SL,40.9,16.9,0.0,0,0.0,0.0
220, Andrew Wantz,681806,R,93.8,FF,13.6,3.0,0.0,0,0.0,0.0,87.9,FC,31.7,6.2,0.0,0,0.0,0.0,81.3,SL,40.7,13.6,86.9,CH,32.2,10.8
221, Hirokazu Sawamura,617228,R,95.9,FF,14.0,8.8,0.0,0,0.0,0.0,0.0,0,0.0,0.0,0.0,0,0.0,0.0,85.8,SL,32.3,7.0,0.0,0,0.0,0.0
222, Drew Smith,622098,R,95.7,FF,11.4,7.0,0.0,0,0.0,0.0,0.0,0,0.0,0.0,77.8,CUKC,56.2,15.1,85.4,SL,38.0,7.8,85.2,CH,24.6,14.2
223, Mike Mayers,594577,R,93.5,FF,15.0,11.0,0.0,0,0.0,0.0,88.3,FC,27.5,1.8,0.0,0,0.0,0.0,84.4,SL,38.6,4.1,86.7,CH,30.1,15.7
224, Will Smith,519293,L,92.1,FF,15.4,8.6,0.0,0,0.0,0.0,0.0,0,0.0,0.0,76.9,CUKC,54.6,8.9,81.7,SL,38.5,4.8,0.0,0,0.0,0.0
225, Garrett Hill,682051,R,92.0,FF,16.3,9.5,91.7,SIFT,17.5,12.9,0.0,0,0.0,0.0,77.1,CUKC,58.2,10.0,82.6,SL,37.8,6.1,82.2,CH,35.0,12.7
226, Bailey Falter,663559,L,91.4,FF,13.8,1.2,91.0,SIFT,15.8,7.9,0.0,0,0.0,0.0,76.6,CUKC,53.4,7.6,83.5,SL,35.5,4.4,0.0,0,0.0,0.0
227, Tanner Banks,621383,L,92.9,FF,15.5,1.9,0.0,0,0.0,0.0,0.0,0,0.0,0.0,82.1,CUKC,36.1,12.9,86.7,SL,31.3,4.6,84.9,CH,31.7,10.6
228, Cionel Pérez,672335,L,97.0,FF,12.7,6.2,96.5,SIFT,20.4,15.1,0.0,0,0.0,0.0,0.0,0,0.0,0.0,83.9,SL,44.7,12.2,0.0,0,0.0,0.0
229, Devin Williams,642207,R,93.9,FF,14.5,12.2,0.0,0,0.0,0.0,0.0,0,0.0,0.0,0.0,0,0.0,0.0,0.0,0,0.0,0.0,83.4,CH,42.7,19.0
230, Matt Foster,641582,R,93.7,FF,12.6,5.8,0.0,0,0.0,0.0,0.0,0,0.0,0.0,79.6,CUKC,53.3,2.4,85.8,SL,32.1,5.5,83.9,CH,25.8,11.9
231, Rony García,665621,R,92.9,FF,18.0,10.6,92.5,SIFT,24.6,17.0,0.0,0,0.0,0.0,80.3,CUKC,42.2,7.9,0.0,0,0.0,0.0,87.5,CH,26.9,12.1
232, Griffin Jax,643377,R,95.4,FF,13.5,8.6,0.0,0,0.0,0.0,0.0,0,0.0,0.0,0.0,0,0.0,0.0,86.4,SL,38.8,11.4,89.8,CH,28.2,14.2
233, Andrew Bellatti,571479,R,94.4,FF,14.2,10.5,0.0,0,0.0,0.0,0.0,0,0.0,0.0,0.0,0,0.0,0.0,85.9,SL,33.3,3.6,89.5,CH,27.2,16.3
234, Caleb Ferguson,657571,L,94.8,FF,14.5,6.2,0.0,0,0.0,0.0,0.0,0,0.0,0.0,78.3,CUKC,58.9,13.8,0.0,0,0.0,0.0,0.0,0,0.0,0.0
235, Matt Festa,670036,R,92.6,FF,17.6,4.8,0.0,0,0.0,0.0,0.0,0,0.0,0.0,0.0,0,0.0,0.0,82.9,SL,37.1,15.6,0.0,0,0.0,0.0
236, Edwin O Díaz,621242,R,99.1,FF,14.5,13.5,0.0,0,0.0,0.0,0.0,0,0.0,0.0,0.0,0,0.0,0.0,90.8,SL,28.8,1.5,0.0,0,0.0,0.0
237, Zack Littell,641793,R,94.5,FF,12.6,6.2,0.0,0,0.0,0.0,0.0,0,0.0,0.0,0.0,0,0.0,0.0,87.9,SL,29.1,2.5,0.0,0,0.0,0.0
238, Michael Rucker,621074,R,94.7,FF,14.5,7.4,0.0,0,0.0,0.0,0.0,0,0.0,0.0,80.6,CUKC,52.0,15.6,86.4,SL,37.2,3.8,90.0,CH,29.5,14.6
239, Tucker Davidson,656353,L,93.1,FF,14.3,3.5,0.0,0,0.0,0.0,0.0,0,0.0,0.0,78.4,CUKC,53.3,8.0,86.6,SL,37.1,5.9,0.0,0,0.0,0.0
240, Aroldis Chapman,547973,L,97.5,FF,11.0,4.5,100.2,SIFT,11.6,12.6,0.0,0,0.0,0.0,0.0,0,0.0,0.0,85.7,SL,33.1,10.7,0.0,0,0.0,0.0
241, Tyler Alexander,641302,L,90.1,FF,15.9,7.7,90.1,SIFT,21.0,14.8,85.5,FC,27.8,3.8,0.0,0,0.0,0.0,77.7,SL,45.0,13.4,82.8,CH,31.5,13.7
242, Adrian Morejon,670970,L,96.9,FF,12.2,6.8,0.0,0,0.0,0.0,0.0,0,0.0,0.0,80.1,CUKC,51.2,10.2,87.6,SL,37.2,5.3,0.0,0,0.0,0.0
243, Josh Staumont,622251,R,96.1,FF,11.6,2.7,97.1,SIFT,12.2,9.0,0.0,0,0.0,0.0,82.2,CUKC,52.4,9.2,0.0,0,0.0,0.0,0.0,0,0.0,0.0
244, Michael Lorenzen,547179,R,94.6,FF,15.8,11.9,93.9,SIFT,22.7,17.0,90.4,FC,24.6,0.0,0.0,0,0.0,0.0,83.4,SL,39.6,10.2,85.7,CH,27.8,16.2
245, Buck Farmer,571656,R,94.6,FF,15.3,10.1,0.0,0,0.0,0.0,0.0,0,0.0,0.0,0.0,0,0.0,0.0,83.3,SL,37.4,7.5,88.7,CH,34.5,14.0
246, Tanner Rainey,663432,R,97.0,FF,11.0,8.7,0.0,0,0.0,0.0,0.0,0,0.0,0.0,0.0,0,0.0,0.0,88.4,SL,33.5,3.6,0.0,0,0.0,0.0
247, Chris Bassitt,605135,R,93.3,FF,17.8,5.5,92.8,SIFT,22.5,16.0,89.1,FC,25.6,2.5,71.6,CUKC,67.9,14.9,82.8,SL,38.6,6.8,85.4,CH,30.9,16.2
248, Adam Cimber,643256,R,86.5,FF,31.6,10.9,86.5,SIFT,45.7,12.2,0.0,0,0.0,0.0,0.0,0,0.0,0.0,77.8,SL,37.5,7.4,0.0,0,0.0,0.0
249, Taylor Clarke,664199,R,95.6,FF,12.3,5.5,0.0,0,0.0,0.0,0.0,0,0.0,0.0,0.0,0,0.0,0.0,88.4,SL,31.4,3.6,89.0,CH,29.5,14.1
250, Chris Martin,455119,R,95.3,FF,15.9,7.7,94.6,SIFT,19.7,14.3,91.7,FC,26.1,2.4,0.0,0,0.0,0.0,0.0,0,0.0,0.0,0.0,0,0.0,0.0
251, Andrés Muñoz,662253,R,100.2,FF,13.9,12.1,0.0,0,0.0,0.0,0.0,0,0.0,0.0,0.0,0,0.0,0.0,88.6,SL,29.7,4.3,0.0,0,0.0,0.0
252, Jimmy Lambert,669424,R,94.3,FF,12.7,7.7,0.0,0,0.0,0.0,0.0,0,0.0,0.0,76.8,CUKC,65.4,5.9,84.4,SL,39.9,5.6,85.4,CH,31.2,14.6
253, Walker Buehler,621111,R,95.2,FF,13.3,5.9,0.0,0,0.0,0.0,91.5,FC,23.4,4.5,79.2,CUKC,57.7,11.5,83.5,SL,37.2,13.9,90.5,CH,28.3,13.7
254, Kyle Hendricks,543294,R,86.9,FF,20.4,6.0,86.5,SIFT,27.8,12.9,0.0,0,0.0,0.0,72.7,CUKC,67.5,13.7,0.0,0,0.0,0.0,79.9,CH,32.2,12.4
255, Braxton Garrett,666129,L,91.4,FF,17.1,9.3,90.9,SIFT,26.3,16.4,0.0,0,0.0,0.0,78.7,CUKC,53.2,11.4,84.1,SL,41.7,9.0,85.9,CH,33.5,16.9
256, Gregory Soto,642397,L,98.7,FF,14.5,11.2,98.1,SIFT,18.6,16.7,0.0,0,0.0,0.0,0.0,0,0.0,0.0,89.3,SL,28.1,1.4,0.0,0,0.0,0.0
257, Robert Suarez,663158,R,97.9,FF,11.6,7.3,97.0,SIFT,14.7,14.0,93.6,FC,20.6,0.8,0.0,0,0.0,0.0,0.0,0,0.0,0.0,89.3,CH,26.7,16.2
258, Spencer Howard,675921,R,94.4,FF,14.4,7.6,0.0,0,0.0,0.0,84.8,FC,37.7,5.2,75.0,CUKC,66.1,6.2,0.0,0,0.0,0.0,0.0,0,0.0,0.0
259, Sam Hentges,656529,L,95.7,FF,15.1,8.4,95.7,SIFT,19.7,14.1,0.0,0,0.0,0.0,81.3,CUKC,55.5,6.3,88.0,SL,33.2,3.5,0.0,0,0.0,0.0
260, Daniel Norris,596057,L,91.2,FF,15.5,7.4,90.9,SIFT,22.7,15.7,0.0,0,0.0,0.0,0.0,0,0.0,0.0,79.9,SL,42.6,13.4,86.7,CH,37.3,13.1
261, Jackson Stephens,623451,R,94.1,FF,16.2,6.1,94.0,SIFT,21.7,15.2,0.0,0,0.0,0.0,76.8,CUKC,57.8,16.0,0.0,0,0.0,0.0,85.9,CH,35.2,8.2
262, Jovani Moran,663558,L,93.4,FF,13.4,2.9,0.0,0,0.0,0.0,0.0,0,0.0,0.0,0.0,0,0.0,0.0,0.0,0,0.0,0.0,83.3,CH,31.4,13.7
263, Dylan Lee,669276,L,92.1,FF,12.7,7.0,0.0,0,0.0,0.0,0.0,0,0.0,0.0,0.0,0,0.0,0.0,83.8,SL,34.4,3.2,86.3,CH,26.4,11.0
264, Reyes Moronta,606625,R,95.3,FF,13.6,6.1,0.0,0,0.0,0.0,0.0,0,0.0,0.0,0.0,0,0.0,0.0,82.1,SL,39.1,12.8,89.0,CH,29.0,17.0
265, Vladimir Gutierrez,661269,R,92.8,FF,17.7,12.0,0.0,0,0.0,0.0,0.0,0,0.0,0.0,78.4,CUKC,52.2,15.1,82.2,SL,40.6,12.8,82.9,CH,29.9,13.1
266, Steve Cishek,518553,R,89.3,FF,23.1,12.0,89.8,SIFT,29.3,17.7,0.0,0,0.0,0.0,0.0,0,0.0,0.0,76.5,SL,52.2,16.2,0.0,0,0.0,0.0
267, Zach Thompson,605507,R,92.3,FF,18.1,2.0,92.2,SIFT,24.1,9.7,86.8,FC,32.1,3.4,76.6,CUKC,56.5,5.0,0.0,0,0.0,0.0,85.7,CH,31.6,12.1
268, David Phelps,475479,R,93.2,FF,13.6,8.7,93.2,SIFT,18.1,15.5,89.8,FC,19.7,0.8,81.7,CUKC,48.4,3.4,0.0,0,0.0,0.0,86.5,CH,28.3,18.0
269, Max Castillo,666721,R,93.0,FF,17.5,13.0,0.0,0,0.0,0.0,0.0,0,0.0,0.0,0.0,0,0.0,0.0,83.4,SL,36.0,3.2,87.5,CH,30.5,13.6
270, Ron Marinaccio,676760,R,94.6,FF,13.6,12.5,0.0,0,0.0,0.0,0.0,0,0.0,0.0,0.0,0,0.0,0.0,80.4,SL,36.8,14.4,83.9,CH,37.4,17.1
271, Matt Brash,666374,R,96.9,FF,15.3,11.5,0.0,0,0.0,0.0,0.0,0,0.0,0.0,84.5,CUKC,46.1,13.8,86.8,SL,36.6,15.2,0.0,0,0.0,0.0
272, Joey Krehbiel,607216,R,94.4,FF,15.0,9.9,0.0,0,0.0,0.0,86.4,FC,31.6,6.6,0.0,0,0.0,0.0,0.0,0,0.0,0.0,84.4,CH,36.0,14.1
273, Ken Waldichuk,686610,L,94.1,FF,15.4,10.5,0.0,0,0.0,0.0,0.0,0,0.0,0.0,75.2,CUKC,58.3,15.5,81.0,SL,43.3,17.8,82.4,CH,36.2,15.4
274, Jharel Cotton,605194,R,92.7,FF,13.0,8.3,0.0,0,0.0,0.0,0.0,0,0.0,0.0,0.0,0,0.0,0.0,79.5,SL,46.3,12.7,79.7,CH,36.8,13.5
275, Bruce Zimmermann,669145,L,90.6,FF,16.6,7.9,90.5,SIFT,23.3,14.4,0.0,0,0.0,0.0,81.0,CUKC,48.9,1.5,85.1,SL,34.9,1.1,84.6,CH,28.3,16.7
276, Adrian Houser,605288,R,94.3,FF,15.5,9.4,93.8,SIFT,22.6,16.2,0.0,0,0.0,0.0,81.1,CUKC,55.6,6.7,85.0,SL,36.5,6.1,85.4,CH,30.7,15.0
277, Amir Garrett,607237,L,94.2,FF,16.6,11.2,0.0,0,0.0,0.0,0.0,0,0.0,0.0,0.0,0,0.0,0.0,84.7,SL,32.8,1.5,0.0,0,0.0,0.0
278, Kyle Gibson,502043,R,92.0,FF,16.4,6.2,91.6,SIFT,25.4,14.5,89.4,FC,24.8,0.8,79.0,CUKC,52.6,7.3,83.4,SL,40.6,4.5,84.6,CH,34.6,14.8
279, Oliver Ortega,661383,R,95.9,FF,15.1,2.4,0.0,0,0.0,0.0,0.0,0,0.0,0.0,82.3,CUKC,48.5,6.3,0.0,0,0.0,0.0,0.0,0,0.0,0.0
280, Peter Strzelecki,657265,R,93.5,FF,17.6,11.5,0.0,0,0.0,0.0,0.0,0,0.0,0.0,0.0,0,0.0,0.0,82.9,SL,37.1,15.6,83.3,CH,40.5,16.4
281, Jack Flaherty,656427,R,93.3,FF,17.5,3.6,91.0,SIFT,24.9,11.5,0.0,0,0.0,0.0,77.2,CUKC,56.6,13.6,83.8,SL,37.6,7.4,0.0,0,0.0,0.0
282, Matt Barnes,598264,R,95.0,FF,13.7,10.9,0.0,0,0.0,0.0,0.0,0,0.0,0.0,84.1,CUKC,48.9,3.7,0.0,0,0.0,0.0,87.2,CH,27.8,18.1
283, Kaleb Ort,672391,R,96.3,FF,12.9,9.4,0.0,0,0.0,0.0,0.0,0,0.0,0.0,0.0,0,0.0,0.0,86.0,SL,36.4,10.3,89.8,CH,28.2,15.8
284, Sam Long,669674,L,94.7,FF,12.4,7.5,0.0,0,0.0,0.0,0.0,0,0.0,0.0,77.0,CUKC,62.0,2.1,0.0,0,0.0,0.0,84.3,CH,23.8,11.0
285, Noé Ramirez,598287,R,89.8,FF,22.6,10.4,0.0,0,0.0,0.0,0.0,0,0.0,0.0,78.0,CUKC,46.2,9.8,0.0,0,0.0,0.0,84.1,CH,43.4,14.3
286, Cole Ragans,666142,L,92.1,FF,14.0,10.7,0.0,0,0.0,0.0,88.5,FC,27.5,0.9,76.3,CUKC,62.3,11.2,0.0,0,0.0,0.0,82.1,CH,26.7,16.2
287, Zack Thompson,668868,L,94.8,FF,14.5,7.9,0.0,0,0.0,0.0,88.1,FC,29.5,0.8,75.0,CUKC,67.4,7.8,0.0,0,0.0,0.0,87.7,CH,26.1,12.3
288, Seth Lugo,607625,R,94.4,FF,13.4,8.3,94.4,SIFT,18.3,15.6,0.0,0,0.0,0.0,79.8,CUKC,60.8,10.7,88.9,SL,27.7,2.7,0.0,0,0.0,0.0
289, Steven Okert,595345,L,93.7,FF,16.5,10.0,0.0,0,0.0,0.0,0.0,0,0.0,0.0,0.0,0,0.0,0.0,82.0,SL,35.9,10.2,0.0,0,0.0,0.0
290, Seranthony Domínguez,622554,R,97.6,FF,14.8,3.1,98.2,SIFT,18.9,15.3,0.0,0,0.0,0.0,0.0,0,0.0,0.0,89.5,SL,30.7,5.1,0.0,0,0.0,0.0
291, Raisel Iglesias,628452,R,95.0,FF,14.4,9.8,94.8,SIFT,21.0,16.9,0.0,0,0.0,0.0,0.0,0,0.0,0.0,84.1,SL,32.7,8.4,88.7,CH,31.2,16.8
292, Cole Sulser,642121,R,91.9,FF,14.5,7.6,0.0,0,0.0,0.0,0.0,0,0.0,0.0,0.0,0,0.0,0.0,84.0,SL,31.9,6.7,83.2,CH,33.9,14.7
293, Joey Wentz,666214,L,92.4,FF,15.6,11.9,0.0,0,0.0,0.0,83.4,FC,34.7,1.7,75.4,CUKC,58.8,8.6,0.0,0,0.0,0.0,84.1,CH,27.0,15.0
294, Andres Machado,600921,R,95.6,FF,13.6,7.0,95.0,SIFT,18.7,15.4,0.0,0,0.0,0.0,0.0,0,0.0,0.0,87.1,SL,32.6,5.1,88.9,CH,29.4,11.6
295, Dominic Leone,608678,R,95.6,FF,14.4,6.1,0.0,0,0.0,0.0,91.4,FC,24.7,3.5,0.0,0,0.0,0.0,85.1,SL,40.5,5.1,0.0,0,0.0,0.0
296, Shawn Armstrong,542888,R,95.3,FF,14.2,5.2,95.6,SIFT,18.6,15.5,92.3,FC,23.9,4.7,0.0,0,0.0,0.0,86.1,SL,38.9,10.1,0.0,0,0.0,0.0
297, Cole Sands,663485,R,91.6,FF,20.2,8.8,0.0,0,0.0,0.0,84.3,FC,35.0,2.9,78.6,CUKC,48.8,18.1,0.0,0,0.0,0.0,0.0,0,0.0,0.0
298, Jason Adam,592094,R,94.8,FF,13.0,6.9,0.0,0,0.0,0.0,0.0,0,0.0,0.0,0.0,0,0.0,0.0,81.3,SL,43.3,13.1,90.0,CH,31.8,16.4
299, Noah Syndergaard,592789,R,94.1,FF,16.7,5.8,93.6,SIFT,20.8,14.1,0.0,0,0.0,0.0,76.4,CUKC,47.8,11.3,84.8,SL,36.7,5.8,88.5,CH,26.8,15.1
300, Ian Gibaut,664139,R,95.8,FF,12.5,4.7,0.0,0,0.0,0.0,92.4,FC,22.5,4.1,0.0,0,0.0,0.0,85.2,SL,35.2,9.1,85.9,CH,29.4,14.9
301, John Schreiber,670167,R,94.5,FF,21.5,10.3,93.4,SIFT,34.3,15.5,0.0,0,0.0,0.0,0.0,0,0.0,0.0,82.1,SL,36.6,13.0,88.5,CH,37.6,15.6
302, Domingo Germán,593334,R,92.7,FF,15.7,11.0,92.7,SIFT,22.8,17.5,0.0,0,0.0,0.0,81.0,CUKC,45.0,1.3,0.0,0,0.0,0.0,85.9,CH,28.5,17.9
303, Matt Strahm,621381,L,94.2,FF,15.1,13.5,94.0,SIFT,19.6,17.5,0.0,0,0.0,0.0,82.7,CUKC,40.6,6.2,88.6,SL,27.9,2.4,88.2,CH,27.8,18.4
304, Adam Wainwright,425794,R,88.0,FF,20.1,1.4,88.6,SIFT,22.7,13.0,84.3,FC,32.1,6.3,72.8,CUKC,67.5,16.1,0.0,0,0.0,0.0,82.2,CH,32.4,14.3
305, Scott Barlow,605130,R,93.6,FF,19.1,3.8,0.0,0,0.0,0.0,0.0,0,0.0,0.0,78.6,CUKC,53.4,16.2,84.1,SL,39.4,8.1,0.0,0,0.0,0.0
306, José Leclerc,600917,R,96.5,FF,11.4,4.0,0.0,0,0.0,0.0,89.2,FC,30.8,5.1,0.0,0,0.0,0.0,83.3,SL,37.8,9.4,89.7,CH,23.0,13.5
307, Ryan Tepera,572193,R,92.6,FF,15.1,7.2,92.9,SIFT,19.9,16.2,0.0,0,0.0,0.0,0.0,0,0.0,0.0,85.2,SL,34.0,5.8,85.8,CH,32.2,11.1
308, Elvin Rodriguez,660730,R,93.1,FF,13.4,8.9,0.0,0,0.0,0.0,0.0,0,0.0,0.0,78.5,CUKC,50.9,8.9,82.9,SL,39.9,2.9,86.6,CH,25.5,14.9
309, Austin Pruitt,643493,R,91.4,FF,17.9,3.2,0.0,0,0.0,0.0,0.0,0,0.0,0.0,80.9,CUKC,52.4,8.0,87.5,SL,32.9,5.3,86.2,CH,29.2,13.9
310, Sean Newcomb,656794,L,94.3,FF,14.0,5.7,0.0,0,0.0,0.0,88.3,FC,30.4,3.5,78.9,CUKC,59.9,10.0,0.0,0,0.0,0.0,0.0,0,0.0,0.0
311, Mike Baumann,657508,R,95.8,FF,11.9,5.5,0.0,0,0.0,0.0,0.0,0,0.0,0.0,84.0,CUKC,52.9,4.5,91.5,SL,25.5,2.1,0.0,0,0.0,0.0
312, Trent Thornton,663423,R,93.8,FF,13.1,2.5,0.0,0,0.0,0.0,0.0,0,0.0,0.0,79.7,CUKC,59.4,8.4,82.2,SL,40.8,14.7,0.0,0,0.0,0.0
313, Art Warren,605521,R,93.5,FF,15.5,5.7,0.0,0,0.0,0.0,0.0,0,0.0,0.0,0.0,0,0.0,0.0,85.5,SL,36.4,8.2,0.0,0,0.0,0.0
314, Tyler Duffey,608648,R,92.3,FF,16.4,4.4,92.4,SIFT,24.5,14.2,0.0,0,0.0,0.0,81.6,CUKC,53.0,7.2,83.7,SL,41.3,11.6,0.0,0,0.0,0.0
315, Dinelson Lamet,659275,R,95.4,FF,15.4,6.1,0.0,0,0.0,0.0,0.0,0,0.0,0.0,0.0,0,0.0,0.0,86.3,SL,32.7,0.3,0.0,0,0.0,0.0
316, Joel Payamps,606303,R,94.8,FF,14.7,9.0,94.3,SIFT,21.8,15.7,0.0,0,0.0,0.0,0.0,0,0.0,0.0,82.2,SL,44.4,10.3,88.9,CH,30.8,16.6
317, Matt Swarmer,664161,R,90.5,FF,18.1,4.1,0.0,0,0.0,0.0,0.0,0,0.0,0.0,0.0,0,0.0,0.0,82.1,SL,37.5,7.3,0.0,0,0.0,0.0
318, Andrew Chafin,605177,L,91.6,FF,17.3,9.6,91.6,SIFT,20.6,15.1,0.0,0,0.0,0.0,0.0,0,0.0,0.0,82.9,SL,40.7,0.2,0.0,0,0.0,0.0
319, Tyler Beede,595881,R,95.8,FF,16.8,11.0,95.6,SIFT,20.8,15.7,0.0,0,0.0,0.0,79.1,CUKC,56.4,8.7,88.0,SL,32.7,1.5,84.8,CH,34.3,15.6
320, Génesis Cabrera,650893,L,96.1,FF,11.8,7.5,95.9,SIFT,15.6,14.6,0.0,0,0.0,0.0,79.3,CUKC,53.8,9.1,0.0,0,0.0,0.0,90.2,CH,23.2,14.9
321, David Price,456034,L,92.1,FF,20.2,10.6,92.4,SIFT,22.2,15.1,87.9,FC,27.7,0.0,0.0,0,0.0,0.0,0.0,0,0.0,0.0,83.9,CH,33.2,14.6
322, Luis Cessa,570666,R,93.3,FF,16.8,7.4,93.6,SIFT,20.8,14.8,0.0,0,0.0,0.0,0.0,0,0.0,0.0,82.8,SL,44.2,5.6,87.8,CH,29.6,11.5
323, Trevor Gott,641627,R,95.2,FF,15.1,8.4,95.1,SIFT,21.8,16.5,91.5,FC,21.1,0.5,82.7,CUKC,49.9,10.0,0.0,0,0.0,0.0,0.0,0,0.0,0.0
324, Nabil Crismatt,622503,R,90.5,FF,19.3,7.4,90.0,SIFT,25.5,15.8,0.0,0,0.0,0.0,73.2,CUKC,65.2,13.4,0.0,0,0.0,0.0,82.7,CH,38.8,13.1
325, Mark Leiter Jr.,643410,R,91.1,FF,16.5,5.4,90.9,SIFT,20.6,12.7,87.3,FC,29.9,3.1,73.2,CUKC,68.6,7.6,79.4,SL,43.1,13.5,84.2,CH,34.0,6.4
326, Edward Cabrera,665795,R,96.0,FF,13.8,9.8,95.8,SIFT,17.2,15.5,0.0,0,0.0,0.0,83.8,CUKC,44.8,9.0,86.8,SL,33.8,4.4,92.5,CH,23.9,16.1
327, Brad Hand,543272,L,92.6,FF,17.1,10.3,92.4,SIFT,21.8,17.1,0.0,0,0.0,0.0,0.0,0,0.0,0.0,79.3,SL,47.9,16.4,0.0,0,0.0,0.0
328, Jaime Barría,642545,R,92.0,FF,15.8,5.8,91.7,SIFT,17.1,11.4,0.0,0,0.0,0.0,0.0,0,0.0,0.0,85.3,SL,32.0,4.0,85.0,CH,27.9,13.8
329, Martín Pérez,527048,L,92.7,FF,17.4,10.9,92.6,SIFT,21.8,16.4,89.8,FC,21.6,1.1,0.0,0,0.0,0.0,0.0,0,0.0,0.0,84.4,CH,29.6,14.2
330, Ryan Pressly,519151,R,94.5,FF,12.7,3.2,0.0,0,0.0,0.0,0.0,0,0.0,0.0,81.0,CUKC,56.2,14.8,89.7,SL,31.0,5.1,0.0,0,0.0,0.0
331, Justin Dunn,643290,R,92.2,FF,15.4,8.3,0.0,0,0.0,0.0,0.0,0,0.0,0.0,79.8,CUKC,43.3,14.8,83.4,SL,40.8,6.5,0.0,0,0.0,0.0
332, Dylan Floro,571670,R,92.4,FF,17.6,10.4,92.6,SIFT,23.2,17.3,0.0,0,0.0,0.0,0.0,0,0.0,0.0,84.1,SL,34.9,2.0,85.2,CH,35.7,17.0
333, J.B. Wendelken,605525,R,95.0,FF,16.0,3.2,94.4,SIFT,21.8,16.3,0.0,0,0.0,0.0,0.0,0,0.0,0.0,85.9,SL,38.8,6.8,85.5,CH,32.6,15.4
334, Connor Brogdon,641401,R,95.1,FF,13.9,10.8,0.0,0,0.0,0.0,88.3,FC,23.2,3.2,0.0,0,0.0,0.0,0.0,0,0.0,0.0,83.8,CH,32.1,17.1
335, Joel Kuhnel,669270,R,96.2,FF,17.1,7.0,96.1,SIFT,21.4,15.9,0.0,0,0.0,0.0,0.0,0,0.0,0.0,86.8,SL,35.4,4.4,90.2,CH,28.6,11.6
336, Yunior Marte,628708,R,97.8,FF,14.5,12.2,96.9,SIFT,21.4,17.7,0.0,0,0.0,0.0,0.0,0,0.0,0.0,86.0,SL,35.9,4.3,0.0,0,0.0,0.0
337, Matthew Liberatore,669461,L,93.7,FF,14.7,6.9,92.8,SIFT,18.7,13.1,0.0,0,0.0,0.0,74.3,CUKC,67.2,11.6,86.0,SL,34.9,4.0,85.9,CH,28.2,12.8
338, Wil Crowe,640444,R,95.1,FF,13.6,2.5,94.4,SIFT,17.8,12.1,0.0,0,0.0,0.0,0.0,0,0.0,0.0,87.6,SL,35.3,6.0,85.9,CH,33.0,10.2
339, Kirk McCarty,668948,L,92.5,FF,13.6,7.1,0.0,0,0.0,0.0,88.5,FC,25.8,2.9,77.1,CUKC,54.5,9.1,0.0,0,0.0,0.0,84.7,CH,25.0,12.5
340, Louis Head,545343,R,93.6,FF,15.7,5.5,0.0,0,0.0,0.0,0.0,0,0.0,0.0,0.0,0,0.0,0.0,82.5,SL,43.2,13.0,0.0,0,0.0,0.0
341, Tim Hill,657612,L,91.5,FF,28.3,17.4,89.5,SIFT,38.5,15.9,88.9,FC,29.2,8.0,0.0,0,0.0,0.0,82.4,SL,36.5,1.6,0.0,0,0.0,0.0
342, Tanner Houck,656557,R,95.2,FF,20.9,10.4,94.5,SIFT,31.6,16.6,0.0,0,0.0,0.0,0.0,0,0.0,0.0,85.4,SL,37.0,11.1,0.0,0,0.0,0.0
343, Kyle Nelson,669459,L,91.9,FF,17.4,3.9,0.0,0,0.0,0.0,0.0,0,0.0,0.0,0.0,0,0.0,0.0,84.3,SL,38.2,6.2,0.0,0,0.0,0.0
344, Aníbal Sánchez,434671,R,89.9,FF,17.1,3.7,89.1,SIFT,21.0,12.3,87.3,FC,23.5,0.2,75.4,CUKC,51.1,3.0,83.2,SL,34.6,5.1,79.9,CH,35.3,13.4
345, Marcus Stroman,573186,R,92.4,FF,18.8,4.2,92.0,SIFT,29.0,9.0,89.4,FC,30.9,2.6,0.0,0,0.0,0.0,84.7,SL,38.3,13.4,0.0,0,0.0,0.0
346, Chase Silseth,681217,R,95.4,FF,14.1,7.3,94.3,SIFT,20.5,14.7,0.0,0,0.0,0.0,0.0,0,0.0,0.0,83.7,SL,45.0,7.3,0.0,0,0.0,0.0
347, Wyatt Mills,670090,R,91.8,FF,24.9,13.9,91.3,SIFT,32.1,15.0,0.0,0,0.0,0.0,0.0,0,0.0,0.0,80.8,SL,35.8,7.0,0.0,0,0.0,0.0
348, Seth Martinez,661527,R,91.9,FF,19.1,10.3,90.9,SIFT,30.1,14.9,0.0,0,0.0,0.0,0.0,0,0.0,0.0,79.6,SL,35.7,12.7,86.5,CH,37.2,15.2
349, Jeurys Familia,544727,R,95.4,FF,16.4,10.2,95.2,SIFT,26.8,15.5,0.0,0,0.0,0.0,0.0,0,0.0,0.0,88.7,SL,28.1,0.6,0.0,0,0.0,0.0
350, Dany Jiménez,666204,R,93.9,FF,13.4,3.4,0.0,0,0.0,0.0,0.0,0,0.0,0.0,0.0,0,0.0,0.0,81.9,SL,41.2,2.0,0.0,0,0.0,0.0
351, Aaron Sanchez,592717,R,92.4,FF,18.2,11.2,92.1,SIFT,22.5,16.4,0.0,0,0.0,0.0,79.1,CUKC,54.6,12.8,0.0,0,0.0,0.0,87.8,CH,29.3,15.7
352, Reiver Sanmartin,665665,L,90.9,FF,21.3,13.6,90.5,SIFT,28.9,17.5,0.0,0,0.0,0.0,0.0,0,0.0,0.0,82.0,SL,39.0,5.8,85.2,CH,38.7,16.9
353, Paul Blackburn,621112,R,91.6,FF,16.1,5.5,91.7,SIFT,22.5,12.9,87.2,FC,30.8,6.0,78.8,CUKC,61.1,8.4,0.0,0,0.0,0.0,86.0,CH,29.5,13.3
354, Packy Naughton,676050,L,92.8,FF,17.2,7.1,92.6,SIFT,21.1,15.3,0.0,0,0.0,0.0,0.0,0,0.0,0.0,80.9,SL,42.2,3.5,84.4,CH,32.1,14.1
355, Wily Peralta,503449,R,95.4,FF,13.7,7.1,95.5,SIFT,15.7,11.9,0.0,0,0.0,0.0,0.0,0,0.0,0.0,83.6,SL,38.6,1.8,0.0,0,0.0,0.0
356, Brayan Bello,678394,R,97.0,FF,15.7,9.5,96.3,SIFT,25.1,17.2,0.0,0,0.0,0.0,0.0,0,0.0,0.0,85.0,SL,39.7,4.2,88.2,CH,30.4,16.7
357, Dauri Moreta,664294,R,95.9,FF,11.9,8.2,96.0,SIFT,12.7,11.9,0.0,0,0.0,0.0,0.0,0,0.0,0.0,85.7,SL,35.8,3.7,87.8,CH,21.3,12.5
358, Zach Eflin,621107,R,93.1,FF,17.6,10.4,92.7,SIFT,24.6,17.0,90.0,FC,22.2,0.8,78.3,CUKC,49.9,12.0,0.0,0,0.0,0.0,87.0,CH,27.8,13.8
359, Anthony Banda,607455,L,95.2,FF,15.0,10.9,93.0,SIFT,22.8,17.6,0.0,0,0.0,0.0,81.1,CUKC,48.8,7.0,0.0,0,0.0,0.0,86.6,CH,31.6,14.6
360, Garrett Richards,572070,R,94.4,FF,21.9,0.5,0.0,0,0.0,0.0,0.0,0,0.0,0.0,0.0,0,0.0,0.0,88.6,SL,35.9,2.3,90.0,CH,30.1,15.2
361, Evan Phillips,623465,R,96.0,FF,15.6,5.3,96.2,SIFT,21.1,15.1,93.3,FC,22.0,1.1,0.0,0,0.0,0.0,85.3,SL,36.2,15.3,0.0,0,0.0,0.0
362, Michael King,650633,R,96.4,FF,12.8,7.1,95.5,SIFT,23.4,16.9,0.0,0,0.0,0.0,0.0,0,0.0,0.0,0.0,0,0.0,0.0,88.3,CH,27.4,17.8
363, Lou Trivino,642152,R,95.6,FF,16.0,9.2,95.8,SIFT,21.0,16.4,92.3,FC,25.2,2.0,0.0,0,0.0,0.0,81.9,SL,40.2,16.8,87.4,CH,35.4,16.1
364, Michael Fulmer,605242,R,94.2,FF,15.0,4.0,94.5,SIFT,20.2,15.0,0.0,0,0.0,0.0,0.0,0,0.0,0.0,90.3,SL,26.7,4.2,86.5,CH,32.5,13.3
365, Josh Winckowski,670174,R,93.7,FF,16.2,2.8,94.0,SIFT,21.9,14.6,88.6,FC,29.4,3.9,0.0,0,0.0,0.0,84.8,SL,41.0,5.6,89.9,CH,31.5,15.6
366, Nick Sandlin,680704,R,93.6,FF,20.2,11.3,93.5,SIFT,28.8,15.8,0.0,0,0.0,0.0,0.0,0,0.0,0.0,78.9,SL,37.8,12.7,0.0,0,0.0,0.0
367, Joe Barlow,669618,R,94.6,FF,11.4,6.1,0.0,0,0.0,0.0,0.0,0,0.0,0.0,81.3,CUKC,50.2,1.8,87.3,SL,28.4,3.8,0.0,0,0.0,0.0
368, Jake Woodford,663765,R,92.4,FF,18.4,5.5,91.8,SIFT,24.3,12.6,0.0,0,0.0,0.0,75.3,CUKC,66.2,10.7,82.1,SL,43.7,12.7,0.0,0,0.0,0.0
369, Dillon Peters,596071,L,92.9,FF,15.1,4.8,92.5,SIFT,19.3,13.4,0.0,0,0.0,0.0,77.3,CUKC,56.6,11.7,84.7,SL,38.8,3.8,84.8,CH,28.1,12.6
370, Clarke Schmidt,657376,R,94.7,FF,16.6,4.9,94.9,SIFT,23.4,14.3,0.0,0,0.0,0.0,83.5,CUKC,48.8,15.0,86.4,SL,32.9,8.3,0.0,0,0.0,0.0
371, Manny Bañuelos,544365,L,93.7,FF,17.8,11.5,93.4,SIFT,23.6,16.1,0.0,0,0.0,0.0,81.7,CUKC,39.5,10.3,85.8,SL,34.0,5.2,83.1,CH,34.5,15.7
372, Javier Assad,665871,R,92.9,FF,15.2,6.9,92.3,SIFT,20.0,14.2,88.1,FC,28.2,3.6,0.0,0,0.0,0.0,81.2,SL,37.7,10.8,85.4,CH,29.6,14.2
373, Huascar Brazoban,623211,R,97.3,FF,14.2,10.3,96.7,SIFT,20.2,17.0,87.7,FC,29.0,0.8,0.0,0,0.0,0.0,0.0,0,0.0,0.0,89.0,CH,31.0,15.8
374, JT Brubaker,664141,R,92.7,FF,16.2,9.3,93.1,SIFT,21.7,16.1,0.0,0,0.0,0.0,80.0,CUKC,50.9,6.5,86.7,SL,34.3,0.9,87.2,CH,29.6,15.2
375, Aaron Civale,650644,R,90.7,FF,16.0,2.1,91.3,SIFT,21.2,12.2,86.3,FC,32.3,6.6,75.9,CUKC,65.8,11.7,0.0,0,0.0,0.0,0.0,0,0.0,0.0
376, Adam Ottavino,493603,R,94.8,FF,16.6,8.2,94.2,SIFT,24.7,16.4,87.8,FC,29.4,3.4,0.0,0,0.0,0.0,81.0,SL,40.1,17.7,89.1,CH,33.3,16.5
377, Chase Anderson,502624,R,91.9,FF,14.7,6.8,92.5,SIFT,16.5,11.9,90.2,FC,18.0,0.9,77.8,CUKC,61.8,6.1,83.6,SL,33.2,8.1,82.9,CH,26.0,16.6
378, Tyler Gilbert,656457,L,89.5,FF,18.9,7.0,89.7,SIFT,22.0,14.1,86.2,FC,26.0,2.5,76.2,CUKC,60.3,6.6,0.0,0,0.0,0.0,0.0,0,0.0,0.0
379, Hayden Wesneski,669713,R,93.1,FF,18.6,6.3,92.0,SIFT,25.7,16.9,88.7,FC,29.0,4.0,0.0,0,0.0,0.0,81.2,SL,40.3,18.1,87.0,CH,32.4,15.3
380, Alex Colomé,517008,R,94.5,FF,14.4,2.4,0.0,0,0.0,0.0,90.8,FC,26.5,1.8,0.0,0,0.0,0.0,0.0,0,0.0,0.0,0.0,0,0.0,0.0
381, Kendall Graveman,608665,R,96.6,FF,13.9,9.0,96.5,SIFT,18.9,15.5,0.0,0,0.0,0.0,0.0,0,0.0,0.0,88.7,SL,32.2,5.2,90.7,CH,28.2,14.0
382, José Ureña,570632,R,96.1,FF,16.9,9.9,95.6,SIFT,22.4,14.5,0.0,0,0.0,0.0,0.0,0,0.0,0.0,86.8,SL,30.4,1.5,90.2,CH,24.7,11.7
383, Duane Underwood Jr.,621249,R,95.9,FF,14.9,7.2,95.3,SIFT,19.0,14.1,92.4,FC,25.2,0.3,82.7,CUKC,51.2,7.4,0.0,0,0.0,0.0,89.6,CH,27.8,14.8
384, Kirby Snead,669912,L,93.5,FF,18.5,14.2,93.3,SIFT,25.3,18.7,0.0,0,0.0,0.0,0.0,0,0.0,0.0,82.0,SL,41.2,9.2,87.6,CH,35.9,18.6
385, Tommy Nance,667297,R,93.8,FF,15.4,9.1,94.2,SIFT,23.7,15.9,0.0,0,0.0,0.0,85.3,CUKC,49.4,11.5,86.9,SL,39.3,2.7,0.0,0,0.0,0.0
386, Anthony Bass,542914,R,95.0,FF,13.5,6.4,95.4,SIFT,16.2,13.7,0.0,0,0.0,0.0,0.0,0,0.0,0.0,86.6,SL,38.0,4.7,0.0,0,0.0,0.0
387, Scott Effross,664123,R,90.8,FF,29.6,17.3,90.3,SIFT,37.1,18.0,0.0,0,0.0,0.0,0.0,0,0.0,0.0,79.8,SL,40.3,12.5,83.0,CH,48.6,14.3
388, Albert Abreu,656061,R,97.6,FF,12.9,10.6,98.5,SIFT,15.1,14.7,0.0,0,0.0,0.0,0.0,0,0.0,0.0,88.6,SL,29.3,2.5,88.0,CH,26.6,16.6
389, Jason Foley,671345,R,96.1,FF,16.7,13.0,96.3,SIFT,23.8,17.2,0.0,0,0.0,0.0,0.0,0,0.0,0.0,85.5,SL,35.9,6.6,89.5,CH,31.7,14.8
390, Wade Miley,489119,L,89.1,FF,16.7,3.3,0.0,0,0.0,0.0,85.1,FC,29.7,2.9,0.0,0,0.0,0.0,78.7,SL,40.0,11.1,81.4,CH,34.6,16.1
391, Brett Martin,656685,L,93.5,FF,17.2,5.4,93.5,SIFT,18.8,14.4,0.0,0,0.0,0.0,82.8,CUKC,47.9,1.9,86.8,SL,33.2,2.6,0.0,0,0.0,0.0
392, Dallas Keuchel,572971,L,87.9,FF,21.6,3.5,87.2,SIFT,30.1,15.4,85.2,FC,30.0,1.3,0.0,0,0.0,0.0,77.0,SL,45.3,9.8,79.2,CH,38.7,14.3
393, Yohan Ramirez,670990,R,93.8,FF,19.0,9.2,95.7,SIFT,24.4,17.8,0.0,0,0.0,0.0,0.0,0,0.0,0.0,82.7,SL,34.9,15.3,0.0,0,0.0,0.0
394, Humberto Castellanos,528748,R,89.4,FF,22.6,6.5,90.4,SIFT,31.3,16.1,0.0,0,0.0,0.0,76.5,CUKC,54.0,11.7,86.2,SL,29.2,1.6,84.0,CH,35.8,15.2
395, Brusdar Graterol,660813,R,99.4,FF,14.4,8.3,99.7,SIFT,19.8,16.5,95.6,FC,22.3,0.2,0.0,0,0.0,0.0,90.6,SL,32.1,5.4,0.0,0,0.0,0.0
396, Daulton Jefferies,641726,R,92.4,FF,17.2,10.8,92.5,SIFT,19.6,16.6,89.6,FC,23.4,2.8,80.2,CUKC,44.7,5.1,0.0,0,0.0,0.0,86.1,CH,33.1,15.0
397, Dennis Santana,642701,R,97.7,FF,13.9,12.8,96.7,SIFT,20.5,17.6,0.0,0,0.0,0.0,0.0,0,0.0,0.0,85.8,SL,39.4,1.7,89.9,CH,25.7,17.2
398, Jared Koenig,657649,L,89.4,FF,21.1,4.2,89.2,SIFT,23.2,11.9,82.9,FC,35.5,4.2,77.6,CUKC,54.0,10.0,0.0,0,0.0,0.0,82.8,CH,32.6,13.2
399, Ryan Thompson,657044,R,91.6,FF,26.8,13.5,90.0,SIFT,41.7,15.8,0.0,0,0.0,0.0,0.0,0,0.0,0.0,79.5,SL,34.4,13.7,0.0,0,0.0,0.0
400, Daniel Castano,641447,L,92.0,FF,19.5,5.3,89.4,SIFT,27.3,10.7,86.5,FC,30.0,0.4,0.0,0,0.0,0.0,81.2,SL,42.0,7.4,84.0,CH,29.8,12.6
401, Jhoulys Chacín,468504,R,92.6,FF,18.4,3.1,92.9,SIFT,22.1,11.6,0.0,0,0.0,0.0,79.8,CUKC,43.9,14.7,87.0,SL,31.2,4.1,0.0,0,0.0,0.0
402, Víctor Arano,644364,R,94.5,FF,14.8,8.5,93.9,SIFT,21.3,16.9,0.0,0,0.0,0.0,0.0,0,0.0,0.0,84.8,SL,36.6,0.8,0.0,0,0.0,0.0
403, Ralph Garza Jr.,621248,R,91.2,FF,16.1,7.7,87.8,SIFT,36.5,16.2,89.4,FC,19.3,1.1,0.0,0,0.0,0.0,77.5,SL,37.5,13.8,83.1,CH,33.4,16.4
404, Matt Wisler,605538,R,89.7,FF,17.1,10.1,0.0,0,0.0,0.0,0.0,0,0.0,0.0,0.0,0,0.0,0.0,79.8,SL,43.7,8.1,0.0,0,0.0,0.0
405, Joely Rodríguez,570257,L,92.8,FF,20.2,12.0,92.7,SIFT,25.7,17.4,0.0,0,0.0,0.0,0.0,0,0.0,0.0,83.9,SL,40.0,5.2,87.8,CH,35.1,11.3
406, Tyler Danish,641501,R,91.2,FF,24.9,13.2,90.9,SIFT,34.7,17.7,0.0,0,0.0,0.0,80.9,CUKC,37.6,11.4,0.0,0,0.0,0.0,84.4,CH,39.5,14.6
407, Diego Castillo,650895,R,95.7,FF,18.9,11.9,95.1,SIFT,25.4,17.3,0.0,0,0.0,0.0,0.0,0,0.0,0.0,88.4,SL,28.8,0.2,0.0,0,0.0,0.0
408, Richard Bleier,542947,L,90.7,FF,21.2,7.1,89.8,SIFT,30.6,15.5,87.3,FC,29.6,0.9,0.0,0,0.0,0.0,77.7,SL,48.3,8.8,82.9,CH,35.1,15.9
